city,domain,job_role,education,experience_years,skills_count,salary
Mumbai,Web Development,Web Developer,BCA,1,2,475000
Bangalore,Data Science,Data Analyst,MCA,4,4,1380000
Chennai,Data Science,Data Scientist,B.Tech,0,3,665000
Bangalore,Data Science,Data Scientist,B.Sc,0,4,725000
Bangalore,Artificial Intelligence,ML Engineer,MCA,0,2,920000
Mumbai,Data Science,Data Scientist,MBA,10,8,3295000
Mumbai,Data Science,Data Scientist,M.Tech,1,3,1040000
Delhi,Software Development,Software Developer,M.Tech,4,5,1315000
Hyderabad,Artificial Intelligence,AI Engineer,MBA,7,7,2335000
Chennai,Web Development,Web Developer,M.Tech,4,4,1110000
Delhi,Data Science,Data Analyst,M.Tech,0,4,650000
Hyderabad,Software Development,Software Developer,BCA,4,4,1170000
Bangalore,Web Development,Web Developer,MCA,2,4,855000
Chennai,Artificial Intelligence,AI Engineer,B.Tech,7,5,2000000
Pune,Web Development,Web Developer,Diploma,1,3,395000
Chennai,Artificial Intelligence,AI Engineer,BCA,2,5,1070000
Delhi,Artificial Intelligence,AI Engineer,B.Sc,0,2,710000
Mumbai,Data Science,Data Scientist,B.Tech,1,3,890000
Pune,Artificial Intelligence,AI Engineer,B.Tech,4,5,1485000
Mumbai,Artificial Intelligence,ML Engineer,Diploma,0,4,720000
Delhi,Data Science,Data Analyst,Diploma,10,9,2730000
Chennai,Web Development,Web Developer,B.Tech,2,4,655000
Mumbai,Web Development,Web Developer,Diploma,0,4,330000
Pune,Web Development,Web Developer,Diploma,0,3,330000
Hyderabad,Software Development,Software Developer,B.Sc,0,4,535000
Mumbai,Data Science,Data Scientist,MCA,0,3,835000
Chennai,Artificial Intelligence,AI Engineer,MBA,1,3,905000
Pune,Software Development,Software Developer,Diploma,10,7,2585000
Pune,Software Development,Software Developer,BCA,1,3,565000
Delhi,Data Science,Data Scientist,Diploma,2,5,975000
Chennai,Software Development,Software Developer,MBA,10,7,2545000
Hyderabad,Artificial Intelligence,AI Engineer,B.Sc,1,4,965000
Delhi,Artificial Intelligence,AI Engineer,B.Sc,10,8,3050000
Hyderabad,Web Development,Web Developer,MBA,2,5,795000
Bangalore,Artificial Intelligence,AI Engineer,Diploma,7,6,2300000
Chennai,Data Science,Data Scientist,Diploma,1,2,610000
Delhi,Artificial Intelligence,ML Engineer,MCA,1,3,955000
Mumbai,Artificial Intelligence,AI Engineer,B.Sc,10,8,3260000
Delhi,Artificial Intelligence,AI Engineer,Diploma,4,4,1390000
Chennai,Data Science,Data Scientist,Diploma,4,5,1230000
Pune,Data Science,Data Scientist,B.Tech,2,5,1035000
Pune,Web Development,Web Developer,MBA,10,8,2640000
Mumbai,Software Development,Software Developer,M.Tech,10,7,3095000
Hyderabad,Artificial Intelligence,ML Engineer,M.Tech,4,5,1595000
Hyderabad,Data Science,Data Scientist,MCA,10,7,3105000
Hyderabad,Artificial Intelligence,ML Engineer,B.Sc,7,7,2155000
Pune,Software Development,Software Developer,MBA,4,6,1235000
Delhi,Data Science,Data Analyst,MCA,10,8,2885000
Chennai,Web Development,Web Developer,Diploma,7,6,1575000
Delhi,Web Development,Web Developer,MCA,10,7,2745000
Hyderabad,Web Development,Web Developer,B.Tech,4,6,1165000
Pune,Artificial Intelligence,ML Engineer,BCA,4,4,1370000
Hyderabad,Data Science,Data Scientist,MCA,2,4,1135000
Bangalore,Data Science,Data Analyst,BCA,2,5,890000
Delhi,Data Science,Data Scientist,M.Tech,4,5,1580000
Delhi,Software Development,Software Developer,MCA,0,2,545000
Pune,Artificial Intelligence,AI Engineer,M.Tech,2,3,1165000
Delhi,Data Science,Data Scientist,MBA,10,8,3055000
Chennai,Data Science,Data Scientist,M.Tech,1,4,910000
Hyderabad,Data Science,Data Scientist,B.Tech,1,3,925000
Delhi,Data Science,Data Scientist,MBA,4,6,1465000
Pune,Artificial Intelligence,AI Engineer,B.Tech,7,7,2140000
Chennai,Software Development,Software Developer,M.Tech,1,4,750000
Delhi,Data Science,Data Scientist,B.Sc,0,4,680000
Hyderabad,Web Development,Web Developer,B.Sc,2,4,650000
Hyderabad,Web Development,Web Developer,BCA,7,5,1845000
Pune,Software Development,Software Developer,B.Tech,0,2,520000
Delhi,Artificial Intelligence,AI Engineer,MCA,1,2,1020000
Chennai,Data Science,Data Analyst,MCA,1,2,570000
Delhi,Artificial Intelligence,AI Engineer,MBA,4,4,1515000
Bangalore,Data Science,Data Scientist,B.Sc,2,5,1110000
Pune,Data Science,Data Analyst,Diploma,2,4,655000
Bangalore,Artificial Intelligence,ML Engineer,BCA,2,4,1125000
Chennai,Data Science,Data Scientist,BCA,2,5,885000
Pune,Web Development,Web Developer,B.Tech,4,6,1080000
Mumbai,Data Science,Data Analyst,MCA,7,6,2125000
Delhi,Web Development,Web Developer,Diploma,0,3,290000
Chennai,Artificial Intelligence,AI Engineer,MCA,1,2,910000
Mumbai,Data Science,Data Analyst,B.Tech,10,9,3045000
Delhi,Artificial Intelligence,ML Engineer,B.Sc,7,5,2095000
Chennai,Artificial Intelligence,ML Engineer,MBA,0,4,805000
Mumbai,Artificial Intelligence,AI Engineer,MBA,0,3,880000
Hyderabad,Artificial Intelligence,AI Engineer,B.Tech,10,7,3185000
Mumbai,Data Science,Data Analyst,M.Tech,1,3,775000
Delhi,Software Development,Software Developer,B.Tech,0,3,545000
Chennai,Artificial Intelligence,AI Engineer,B.Sc,4,6,1370000
Chennai,Data Science,Data Scientist,MCA,1,4,860000
Pune,Artificial Intelligence,AI Engineer,B.Sc,0,4,780000
Hyderabad,Data Science,Data Analyst,MCA,0,3,575000
Chennai,Data Science,Data Scientist,MBA,4,4,1325000
Mumbai,Data Science,Data Analyst,M.Tech,0,3,625000
Bangalore,Artificial Intelligence,ML Engineer,B.Tech,7,5,2380000
Chennai,Artificial Intelligence,AI Engineer,Diploma,2,3,885000
Mumbai,Data Science,Data Analyst,BCA,10,9,2960000
Hyderabad,Artificial Intelligence,ML Engineer,Diploma,1,4,835000
Pune,Data Science,Data Scientist,M.Tech,4,4,1465000
Delhi,Software Development,Software Developer,Diploma,4,6,1095000
Mumbai,Data Science,Data Analyst,B.Sc,10,7,2925000
Mumbai,Software Development,Software Developer,Diploma,0,3,415000
Mumbai,Artificial Intelligence,ML Engineer,M.Tech,4,6,1700000
Hyderabad,Web Development,Web Developer,MCA,4,5,1220000
Mumbai,Data Science,Data Analyst,BCA,4,6,1205000
Hyderabad,Data Science,Data Analyst,B.Tech,2,3,805000
Pune,Artificial Intelligence,AI Engineer,B.Tech,1,2,875000
Delhi,Web Development,Web Developer,B.Sc,4,5,1095000
Chennai,Web Development,Web Developer,Diploma,10,8,2385000
Hyderabad,Artificial Intelligence,ML Engineer,MCA,1,2,1000000
Chennai,Data Science,Data Scientist,MCA,2,3,940000
Delhi,Artificial Intelligence,AI Engineer,MCA,0,2,895000
Mumbai,Artificial Intelligence,ML Engineer,Diploma,4,5,1405000
Delhi,Web Development,Web Developer,Diploma,7,7,1750000
Pune,Artificial Intelligence,ML Engineer,MBA,10,9,3025000
Delhi,Data Science,Data Scientist,BCA,0,3,725000
Mumbai,Data Science,Data Scientist,B.Sc,1,3,875000
Hyderabad,Data Science,Data Scientist,B.Sc,4,4,1345000
Bangalore,Data Science,Data Scientist,B.Sc,1,2,880000
Bangalore,Artificial Intelligence,AI Engineer,MBA,4,6,1780000
Bangalore,Artificial Intelligence,ML Engineer,B.Tech,1,4,1010000
Hyderabad,Web Development,Web Developer,MCA,7,6,1960000
Chennai,Software Development,Software Developer,Diploma,1,4,515000
Bangalore,Artificial Intelligence,ML Engineer,BCA,7,5,2300000
Pune,Data Science,Data Analyst,MBA,1,2,615000
Hyderabad,Software Development,Software Developer,BCA,1,2,625000
Hyderabad,Web Development,Web Developer,Diploma,1,4,470000
Bangalore,Data Science,Data Analyst,BCA,7,6,2060000
Mumbai,Data Science,Data Analyst,B.Sc,0,4,455000
Delhi,Data Science,Data Scientist,BCA,10,8,2935000
Bangalore,Data Science,Data Analyst,Diploma,0,3,440000
Chennai,Software Development,Software Developer,M.Tech,0,3,595000
Mumbai,Software Development,Software Developer,M.Tech,0,2,610000
Delhi,Web Development,Web Developer,Diploma,2,5,680000
Pune,Data Science,Data Scientist,B.Tech,4,6,1415000
Pune,Data Science,Data Scientist,BCA,7,7,1985000
Bangalore,Software Development,Software Developer,MBA,2,3,885000
Mumbai,Artificial Intelligence,AI Engineer,Diploma,1,3,920000
Pune,Software Development,Software Developer,B.Sc,7,6,1795000
Delhi,Artificial Intelligence,ML Engineer,B.Sc,2,4,1065000
Delhi,Artificial Intelligence,ML Engineer,M.Tech,2,5,1270000
Hyderabad,Software Development,Software Developer,B.Tech,2,3,870000
Bangalore,Artificial Intelligence,AI Engineer,Diploma,10,9,3365000
Chennai,Data Science,Data Scientist,M.Tech,2,3,1075000
Pune,Artificial Intelligence,AI Engineer,MBA,4,5,1535000
Pune,Web Development,Web Developer,MCA,7,6,1835000
Pune,Web Development,Web Developer,B.Tech,1,2,540000
Bangalore,Artificial Intelligence,AI Engineer,Diploma,4,6,1615000
Bangalore,Software Development,Software Developer,BCA,4,5,1320000
Bangalore,Data Science,Data Analyst,B.Sc,1,2,605000
Chennai,Artificial Intelligence,ML Engineer,B.Sc,4,6,1285000
Pune,Artificial Intelligence,ML Engineer,Diploma,10,9,2830000
Mumbai,Artificial Intelligence,AI Engineer,M.Tech,0,4,1065000
Hyderabad,Web Development,Web Developer,Diploma,4,6,1055000
Chennai,Artificial Intelligence,ML Engineer,MCA,0,4,805000
Mumbai,Artificial Intelligence,AI Engineer,BCA,0,4,870000
Bangalore,Data Science,Data Analyst,MCA,10,8,3110000
Chennai,Data Science,Data Analyst,B.Sc,4,5,1040000
Delhi,Data Science,Data Scientist,Diploma,4,5,1300000
Bangalore,Software Development,Software Developer,B.Sc,2,5,830000
Bangalore,Web Development,Web Developer,MCA,10,8,3110000
Bangalore,Artificial Intelligence,ML Engineer,BCA,1,3,955000
Bangalore,Data Science,Data Scientist,MBA,1,4,1055000
Chennai,Web Development,Web Developer,MCA,4,5,1100000
Pune,Data Science,Data Scientist,MCA,7,5,2035000
Bangalore,Data Science,Data Analyst,B.Tech,7,5,2115000
Chennai,Web Development,Web Developer,MCA,10,9,2535000
Hyderabad,Data Science,Data Scientist,MBA,0,4,820000
Chennai,Software Development,Software Developer,MBA,4,6,1205000
Mumbai,Data Science,Data Scientist,MCA,4,5,1535000
Bangalore,Artificial Intelligence,ML Engineer,M.Tech,4,4,1700000
Chennai,Software Development,Software Developer,MBA,7,5,1710000
Bangalore,Data Science,Data Analyst,BCA,4,4,1185000
Bangalore,Software Development,Software Developer,MBA,7,6,2175000
Delhi,Artificial Intelligence,ML Engineer,Diploma,1,2,780000
Pune,Data Science,Data Scientist,BCA,10,8,2885000
Bangalore,Software Development,Software Developer,MCA,0,4,655000
Pune,Software Development,Software Developer,Diploma,1,2,505000
Bangalore,Data Science,Data Scientist,Diploma,0,4,680000
Hyderabad,Artificial Intelligence,AI Engineer,BCA,2,5,1115000
Bangalore,Software Development,Software Developer,B.Sc,4,4,1275000
Mumbai,Data Science,Data Scientist,B.Tech,0,4,865000
Pune,Artificial Intelligence,AI Engineer,BCA,7,5,2060000
Hyderabad,Web Development,Web Developer,B.Sc,7,6,1850000
Pune,Artificial Intelligence,AI Engineer,B.Sc,10,9,2960000
Mumbai,Web Development,Web Developer,MBA,1,3,660000
Mumbai,Data Science,Data Analyst,M.Tech,7,5,2075000
Delhi,Artificial Intelligence,AI Engineer,MBA,10,8,3215000
Pune,Software Development,Software Developer,MCA,0,3,525000
Mumbai,Data Science,Data Analyst,B.Sc,7,5,1930000
Pune,Data Science,Data Scientist,B.Tech,0,2,685000
Delhi,Data Science,Data Scientist,B.Tech,10,9,3055000
Pune,Web Development,Web Developer,BCA,10,7,2560000
Hyderabad,Artificial Intelligence,AI Engineer,BCA,0,3,770000
Hyderabad,Web Development,Web Developer,MBA,7,5,1860000
Pune,Software Development,Software Developer,M.Tech,1,2,710000
Mumbai,Artificial Intelligence,AI Engineer,MCA,10,9,3480000
Delhi,Data Science,Data Analyst,B.Tech,10,8,2835000
Mumbai,Data Science,Data Scientist,Diploma,0,2,605000
Hyderabad,Data Science,Data Scientist,BCA,4,4,1395000
Delhi,Software Development,Software Developer,MBA,7,5,1875000
Hyderabad,Artificial Intelligence,AI Engineer,MBA,10,7,3185000
Delhi,Artificial Intelligence,AI Engineer,M.Tech,2,5,1265000
Chennai,Artificial Intelligence,ML Engineer,BCA,4,5,1260000
Pune,Artificial Intelligence,ML Engineer,Diploma,1,3,765000
Hyderabad,Data Science,Data Analyst,Diploma,0,4,430000
Delhi,Artificial Intelligence,AI Engineer,BCA,4,6,1535000
Delhi,Software Development,Software Developer,B.Sc,1,3,605000
Hyderabad,Software Development,Software Developer,MCA,4,6,1355000
Chennai,Data Science,Data Scientist,B.Tech,7,6,1935000
Bangalore,Data Science,Data Analyst,B.Sc,7,5,2020000
Pune,Artificial Intelligence,AI Engineer,MBA,0,2,835000
Delhi,Software Development,Software Developer,M.Tech,0,3,655000
Bangalore,Data Science,Data Scientist,B.Sc,10,8,3290000
Delhi,Artificial Intelligence,ML Engineer,M.Tech,7,7,2355000
Pune,Software Development,Software Developer,M.Tech,10,8,2840000
Pune,Data Science,Data Scientist,Diploma,10,9,2755000
Delhi,Data Science,Data Scientist,BCA,1,2,785000
Chennai,Web Development,Web Developer,BCA,10,8,2500000
Delhi,Data Science,Data Scientist,Diploma,10,9,2970000
Pune,Web Development,Web Developer,B.Tech,10,7,2605000
Hyderabad,Data Science,Data Analyst,B.Sc,0,4,450000
Hyderabad,Web Development,Web Developer,M.Tech,7,7,2020000
Pune,Artificial Intelligence,AI Engineer,MBA,1,3,910000
Bangalore,Artificial Intelligence,ML Engineer,Diploma,7,7,2280000
Hyderabad,Data Science,Data Analyst,MBA,0,3,595000
Hyderabad,Artificial Intelligence,AI Engineer,MCA,0,4,980000
Delhi,Artificial Intelligence,ML Engineer,Diploma,4,6,1400000
Bangalore,Web Development,Web Developer,BCA,4,5,1220000
Mumbai,Data Science,Data Scientist,M.Tech,10,8,3390000
Bangalore,Software Development,Software Developer,M.Tech,0,2,700000
Delhi,Web Development,Web Developer,Diploma,10,9,2605000
Delhi,Web Development,Web Developer,M.Tech,1,3,705000
Hyderabad,Artificial Intelligence,ML Engineer,MCA,10,7,3190000
Pune,Data Science,Data Scientist,Diploma,4,6,1310000
Delhi,Artificial Intelligence,AI Engineer,M.Tech,1,4,1140000
Delhi,Web Development,Web Developer,BCA,4,5,1075000
Mumbai,Web Development,Web Developer,MCA,4,5,1305000
Hyderabad,Artificial Intelligence,AI Engineer,Diploma,1,4,935000
Chennai,Web Development,Web Developer,B.Tech,10,8,2535000
Chennai,Web Development,Web Developer,M.Tech,10,7,2625000
Hyderabad,Artificial Intelligence,AI Engineer,B.Sc,2,4,1095000
Delhi,Artificial Intelligence,AI Engineer,BCA,1,4,910000
Pune,Software Development,Software Developer,M.Tech,2,4,925000
Pune,Web Development,Web Developer,B.Sc,0,4,375000
Mumbai,Artificial Intelligence,ML Engineer,B.Tech,4,4,1580000
Delhi,Data Science,Data Analyst,B.Sc,10,7,2670000
Mumbai,Web Development,Web Developer,B.Tech,4,4,1220000
Pune,Data Science,Data Analyst,MBA,7,6,1825000
Mumbai,Data Science,Data Scientist,BCA,1,3,865000
Hyderabad,Software Development,Software Developer,BCA,7,7,1930000
Hyderabad,Web Development,Web Developer,B.Tech,0,4,480000
Delhi,Artificial Intelligence,ML Engineer,BCA,10,9,3075000
Delhi,Web Development,Web Developer,MCA,0,4,490000
Pune,Artificial Intelligence,AI Engineer,M.Tech,10,7,3080000
Hyderabad,Artificial Intelligence,ML Engineer,B.Sc,4,5,1490000
Mumbai,Artificial Intelligence,ML Engineer,MCA,0,2,835000
Bangalore,Web Development,Web Developer,Diploma,2,5,690000
Delhi,Artificial Intelligence,ML Engineer,MBA,10,7,3065000
Delhi,Artificial Intelligence,ML Engineer,Diploma,2,3,910000
Mumbai,Web Development,Web Developer,Diploma,4,4,1010000
Mumbai,Data Science,Data Scientist,Diploma,10,9,3110000
Chennai,Data Science,Data Scientist,MCA,0,2,685000
Hyderabad,Artificial Intelligence,ML Engineer,MCA,2,3,1140000
Hyderabad,Artificial Intelligence,ML Engineer,Diploma,4,4,1405000
Mumbai,Data Science,Data Analyst,MBA,2,3,885000
Bangalore,Data Science,Data Scientist,MBA,2,5,1215000
Delhi,Software Development,Software Developer,MBA,4,4,1240000
Bangalore,Web Development,Web Developer,B.Sc,1,4,605000
Hyderabad,Artificial Intelligence,AI Engineer,MCA,1,2,1010000
Delhi,Artificial Intelligence,AI Engineer,M.Tech,0,4,990000
Hyderabad,Artificial Intelligence,AI Engineer,BCA,10,8,3150000
Bangalore,Data Science,Data Analyst,MCA,7,6,2160000
Chennai,Artificial Intelligence,ML Engineer,Diploma,10,9,2750000
Hyderabad,Web Development,Web Developer,BCA,0,4,445000
Chennai,Data Science,Data Scientist,M.Tech,10,8,2890000
Hyderabad,Artificial Intelligence,AI Engineer,M.Tech,0,2,940000
Pune,Artificial Intelligence,AI Engineer,BCA,1,4,855000
Pune,Web Development,Web Developer,MBA,7,6,1765000
Chennai,Web Development,Web Developer,B.Tech,7,7,1750000
Hyderabad,Web Development,Web Developer,BCA,2,3,645000
Bangalore,Software Development,Software Developer,B.Sc,10,9,3060000
Chennai,Web Development,Web Developer,MCA,2,5,760000
Delhi,Artificial Intelligence,ML Engineer,M.Tech,10,7,3160000
Hyderabad,Data Science,Data Analyst,B.Sc,2,5,835000
Mumbai,Web Development,Web Developer,BCA,7,6,1900000
Hyderabad,Data Science,Data Analyst,B.Sc,4,5,1175000
Hyderabad,Data Science,Data Analyst,BCA,7,7,1900000
Mumbai,Data Science,Data Scientist,B.Tech,10,8,3230000
Hyderabad,Artificial Intelligence,ML Engineer,MBA,1,4,1040000
Chennai,Artificial Intelligence,ML Engineer,Diploma,4,6,1270000
Chennai,Data Science,Data Analyst,B.Sc,10,8,2520000
Pune,Web Development,Web Developer,BCA,2,5,645000
Bangalore,Data Science,Data Scientist,Diploma,2,3,950000
Chennai,Data Science,Data Analyst,BCA,2,5,710000
Hyderabad,Software Development,Software Developer,B.Sc,10,7,2815000
Mumbai,Data Science,Data Scientist,B.Tech,7,6,2315000
Hyderabad,Artificial Intelligence,AI Engineer,M.Tech,10,7,3305000
Bangalore,Software Development,Software Developer,M.Tech,1,2,835000
Bangalore,Web Development,Web Developer,M.Tech,2,5,970000
Delhi,Data Science,Data Analyst,B.Sc,1,3,545000
Delhi,Software Development,Software Developer,Diploma,7,5,1735000
Bangalore,Artificial Intelligence,AI Engineer,MCA,7,6,2480000
Pune,Artificial Intelligence,AI Engineer,B.Sc,1,3,885000
Chennai,Software Development,Software Developer,B.Sc,4,4,985000
Bangalore,Artificial Intelligence,AI Engineer,MCA,1,2,1115000
Chennai,Artificial Intelligence,ML Engineer,B.Sc,7,5,1870000
Hyderabad,Software Development,Software Developer,B.Tech,0,4,570000
Chennai,Web Development,Web Developer,MCA,0,4,490000
Chennai,Artificial Intelligence,AI Engineer,M.Tech,0,4,925000
Chennai,Artificial Intelligence,AI Engineer,Diploma,1,4,830000
Delhi,Artificial Intelligence,AI Engineer,BCA,2,4,1085000
Hyderabad,Data Science,Data Scientist,B.Tech,10,9,3130000
Pune,Artificial Intelligence,ML Engineer,B.Tech,7,5,2055000
Hyderabad,Artificial Intelligence,AI Engineer,M.Tech,7,7,2405000
Bangalore,Data Science,Data Analyst,Diploma,10,8,2935000
Hyderabad,Data Science,Data Analyst,B.Sc,10,7,2760000
Bangalore,Data Science,Data Analyst,B.Sc,2,5,885000
Chennai,Data Science,Data Analyst,BCA,0,2,345000
Mumbai,Data Science,Data Scientist,B.Sc,2,4,1000000
Pune,Data Science,Data Scientist,MCA,10,8,2920000
Bangalore,Data Science,Data Analyst,M.Tech,10,8,3215000
Mumbai,Artificial Intelligence,ML Engineer,B.Sc,2,5,1135000
Bangalore,Artificial Intelligence,AI Engineer,B.Sc,7,7,2435000
Chennai,Artificial Intelligence,ML Engineer,M.Tech,0,4,865000
Delhi,Artificial Intelligence,AI Engineer,MBA,2,5,1180000
Delhi,Artificial Intelligence,AI Engineer,B.Tech,2,4,1185000
Bangalore,Software Development,Software Developer,MCA,7,7,2190000
Bangalore,Data Science,Data Scientist,M.Tech,7,5,2480000
Chennai,Data Science,Data Analyst,B.Tech,1,4,570000
Mumbai,Artificial Intelligence,AI Engineer,Diploma,0,2,760000
Bangalore,Data Science,Data Scientist,MCA,4,5,1645000
Delhi,Artificial Intelligence,AI Engineer,B.Tech,7,6,2235000
Bangalore,Artificial Intelligence,AI Engineer,BCA,10,9,3420000
Pune,Data Science,Data Analyst,Diploma,4,6,1085000
Delhi,Artificial Intelligence,ML Engineer,B.Sc,4,4,1385000
Pune,Data Science,Data Analyst,Diploma,7,6,1725000
Pune,Web Development,Web Developer,B.Sc,10,9,2535000
Hyderabad,Data Science,Data Analyst,M.Tech,7,7,2060000
Pune,Software Development,Software Developer,B.Sc,0,4,465000
Chennai,Software Development,Software Developer,MCA,2,4,855000
Hyderabad,Data Science,Data Scientist,B.Tech,4,6,1530000
Pune,Artificial Intelligence,AI Engineer,B.Sc,7,6,2040000
Pune,Data Science,Data Analyst,BCA,1,3,580000
Pune,Data Science,Data Scientist,MBA,4,5,1415000
Mumbai,Data Science,Data Analyst,M.Tech,2,4,970000
Delhi,Data Science,Data Scientist,MBA,7,6,2140000
Pune,Software Development,Software Developer,B.Sc,10,9,2625000
Hyderabad,Artificial Intelligence,AI Engineer,Diploma,4,4,1450000
Delhi,Data Science,Data Scientist,M.Tech,2,4,1110000
Bangalore,Artificial Intelligence,ML Engineer,MCA,2,4,1245000
Mumbai,Software Development,Software Developer,B.Tech,4,5,1335000
Chennai,Data Science,Data Analyst,M.Tech,0,2,565000
Bangalore,Artificial Intelligence,ML Engineer,Diploma,0,3,745000
Hyderabad,Software Development,Software Developer,MCA,0,3,605000
Hyderabad,Artificial Intelligence,ML Engineer,MCA,4,4,1585000
Chennai,Artificial Intelligence,ML Engineer,B.Sc,0,4,700000
Mumbai,Data Science,Data Analyst,B.Tech,0,3,555000
Chennai,Web Development,Web Developer,Diploma,2,5,625000
Delhi,Artificial Intelligence,AI Engineer,M.Tech,4,6,1645000
Chennai,Data Science,Data Scientist,B.Tech,1,3,805000
Pune,Data Science,Data Scientist,B.Tech,7,5,1965000
Bangalore,Software Development,Software Developer,M.Tech,2,5,1040000
Delhi,Data Science,Data Scientist,B.Tech,0,3,770000
Pune,Web Development,Web Developer,MCA,2,3,715000
Chennai,Artificial Intelligence,AI Engineer,Diploma,0,4,635000
Delhi,Web Development,Web Developer,Diploma,4,4,940000
Pune,Data Science,Data Scientist,Diploma,2,5,910000
Mumbai,Data Science,Data Scientist,BCA,7,7,2250000
Mumbai,Software Development,Software Developer,BCA,10,8,2990000
Hyderabad,Data Science,Data Scientist,Diploma,10,7,2950000
Delhi,Data Science,Data Scientist,M.Tech,10,7,3135000
Delhi,Data Science,Data Analyst,MBA,7,6,1935000
Hyderabad,Web Development,Web Developer,Diploma,7,7,1765000
Mumbai,Web Development,Web Developer,B.Sc,2,4,705000
Hyderabad,Data Science,Data Scientist,MCA,1,3,985000
Chennai,Software Development,Software Developer,MCA,0,4,595000
Hyderabad,Artificial Intelligence,AI Engineer,B.Tech,1,3,1040000
Pune,Artificial Intelligence,AI Engineer,M.Tech,0,4,935000
Delhi,Software Development,Software Developer,Diploma,1,3,545000
Chennai,Artificial Intelligence,ML Engineer,B.Sc,1,3,805000
Chennai,Software Development,Software Developer,M.Tech,4,4,1195000
Delhi,Data Science,Data Scientist,MCA,7,5,2150000
Hyderabad,Artificial Intelligence,ML Engineer,BCA,2,3,1085000
Pune,Artificial Intelligence,AI Engineer,BCA,0,2,705000
Bangalore,Artificial Intelligence,AI Engineer,MBA,2,4,1335000
Mumbai,Data Science,Data Scientist,Diploma,4,6,1385000
Chennai,Artificial Intelligence,AI Engineer,BCA,0,4,730000
Bangalore,Software Development,Software Developer,B.Tech,7,6,2140000
Chennai,Software Development,Software Developer,BCA,7,7,1710000
Pune,Artificial Intelligence,ML Engineer,M.Tech,1,2,970000
Mumbai,Artificial Intelligence,ML Engineer,BCA,2,3,1105000
Delhi,Data Science,Data Scientist,BCA,7,7,2115000
Pune,Software Development,Software Developer,M.Tech,0,3,615000
Delhi,Web Development,Web Developer,BCA,7,7,1775000
Mumbai,Artificial Intelligence,AI Engineer,B.Tech,2,4,1215000
Hyderabad,Software Development,Software Developer,B.Sc,4,4,1150000
Chennai,Data Science,Data Analyst,B.Sc,1,4,580000
Chennai,Software Development,Software Developer,B.Sc,1,4,535000
Chennai,Web Development,Web Developer,B.Sc,10,7,2405000
Mumbai,Data Science,Data Scientist,BCA,0,4,770000
Delhi,Data Science,Data Analyst,BCA,10,9,2765000
Bangalore,Artificial Intelligence,ML Engineer,Diploma,2,4,1070000
Bangalore,Artificial Intelligence,ML Engineer,B.Sc,2,5,1205000
Chennai,Artificial Intelligence,AI Engineer,M.Tech,10,8,2985000
Hyderabad,Artificial Intelligence,ML Engineer,BCA,4,5,1425000
Chennai,Data Science,Data Analyst,BCA,1,4,600000
Hyderabad,Web Development,Web Developer,MCA,10,9,2945000
Delhi,Artificial Intelligence,AI Engineer,BCA,10,8,3040000
Pune,Data Science,Data Scientist,BCA,1,3,730000
Mumbai,Web Development,Web Developer,Diploma,2,3,645000
Mumbai,Web Development,Web Developer,B.Sc,0,4,465000
Delhi,Data Science,Data Analyst,M.Tech,4,4,1325000
Mumbai,Data Science,Data Analyst,MBA,10,8,2980000
Bangalore,Data Science,Data Scientist,B.Tech,0,3,825000
Chennai,Web Development,Web Developer,MBA,4,5,1025000
Chennai,Software Development,Software Developer,MBA,2,5,770000
Mumbai,Software Development,Software Developer,B.Sc,1,3,595000
Delhi,Web Development,Web Developer,MBA,2,4,765000
Bangalore,Artificial Intelligence,ML Engineer,B.Sc,0,3,775000
Delhi,Data Science,Data Analyst,BCA,1,4,610000
Mumbai,Data Science,Data Scientist,MCA,2,5,1195000
Mumbai,Artificial Intelligence,AI Engineer,MBA,2,5,1320000
Delhi,Data Science,Data Scientist,B.Sc,4,6,1370000
Bangalore,Software Development,Software Developer,MBA,10,9,3165000
Bangalore,Web Development,Web Developer,MCA,4,5,1320000
Mumbai,Data Science,Data Scientist,Diploma,7,7,2170000
Hyderabad,Artificial Intelligence,AI Engineer,MCA,7,6,2375000
Mumbai,Web Development,Web Developer,BCA,0,4,435000
Bangalore,Data Science,Data Analyst,BCA,1,4,665000
Pune,Data Science,Data Scientist,M.Tech,7,6,2105000
Delhi,Artificial Intelligence,AI Engineer,BCA,0,2,720000
Hyderabad,Software Development,Software Developer,B.Tech,4,6,1290000
Bangalore,Artificial Intelligence,AI Engineer,B.Tech,10,7,3460000
Pune,Data Science,Data Scientist,M.Tech,0,4,830000
Bangalore,Artificial Intelligence,AI Engineer,MBA,1,2,1040000
Chennai,Web Development,Web Developer,MBA,7,7,1695000
Mumbai,Artificial Intelligence,ML Engineer,B.Sc,1,2,855000
Hyderabad,Artificial Intelligence,ML Engineer,MBA,7,6,2275000
Chennai,Artificial Intelligence,AI Engineer,B.Sc,10,8,2755000
Mumbai,Data Science,Data Analyst,MCA,1,3,705000
Chennai,Artificial Intelligence,AI Engineer,B.Tech,10,8,2925000
Bangalore,Data Science,Data Scientist,B.Tech,10,9,3390000
Mumbai,Data Science,Data Analyst,MBA,0,2,555000
Delhi,Data Science,Data Analyst,M.Tech,2,4,915000
Pune,Web Development,Web Developer,BCA,0,2,325000
Pune,Software Development,Software Developer,MCA,10,7,2725000
Mumbai,Web Development,Web Developer,M.Tech,1,4,800000
Bangalore,Web Development,Web Developer,B.Tech,0,2,425000
Mumbai,Artificial Intelligence,AI Engineer,B.Tech,10,7,3305000
Bangalore,Web Development,Web Developer,BCA,7,6,1950000
Hyderabad,Artificial Intelligence,AI Engineer,B.Tech,2,4,1215000
Bangalore,Data Science,Data Analyst,MBA,1,3,760000
Delhi,Artificial Intelligence,AI Engineer,B.Tech,0,2,840000
Bangalore,Artificial Intelligence,ML Engineer,M.Tech,7,5,2495000
Mumbai,Artificial Intelligence,ML Engineer,MBA,7,6,2390000
Pune,Data Science,Data Analyst,M.Tech,0,3,590000
Hyderabad,Artificial Intelligence,ML Engineer,B.Tech,0,3,785000
Bangalore,Data Science,Data Scientist,MBA,4,6,1665000
Pune,Data Science,Data Analyst,BCA,7,5,1710000
Delhi,Data Science,Data Analyst,Diploma,0,3,360000
Hyderabad,Artificial Intelligence,AI Engineer,BCA,4,4,1535000
Delhi,Artificial Intelligence,AI Engineer,Diploma,1,2,775000
Hyderabad,Software Development,Software Developer,M.Tech,7,6,2135000
Pune,Artificial Intelligence,ML Engineer,MCA,2,4,1085000
Hyderabad,Data Science,Data Scientist,Diploma,2,4,970000
Bangalore,Web Development,Web Developer,B.Tech,2,3,785000
Delhi,Artificial Intelligence,AI Engineer,M.Tech,7,6,2340000
Mumbai,Data Science,Data Analyst,B.Tech,4,5,1325000
Delhi,Data Science,Data Scientist,B.Tech,1,4,900000
Delhi,Data Science,Data Analyst,B.Sc,2,5,810000
Pune,Data Science,Data Analyst,Diploma,0,3,335000
Bangalore,Web Development,Web Developer,MCA,1,4,750000
Hyderabad,Data Science,Data Analyst,MBA,10,9,2975000
Chennai,Artificial Intelligence,ML Engineer,MBA,4,5,1415000
Delhi,Data Science,Data Analyst,BCA,2,3,690000
Delhi,Artificial Intelligence,ML Engineer,MBA,4,6,1495000
Chennai,Software Development,Software Developer,B.Tech,4,6,1120000
Pune,Web Development,Web Developer,MCA,1,4,650000
Mumbai,Web Development,Web Developer,MCA,2,5,895000
Delhi,Artificial Intelligence,ML Engineer,B.Tech,4,4,1425000
Mumbai,Data Science,Data Scientist,B.Sc,4,4,1410000
Delhi,Artificial Intelligence,ML Engineer,M.Tech,0,4,935000
Pune,Software Development,Software Developer,Diploma,7,5,1640000
Delhi,Artificial Intelligence,ML Engineer,M.Tech,1,2,1015000
Chennai,Data Science,Data Analyst,MBA,7,5,1720000
Pune,Artificial Intelligence,ML Engineer,B.Tech,0,4,830000
Pune,Data Science,Data Analyst,MBA,0,4,575000
Hyderabad,Data Science,Data Scientist,MCA,0,4,845000
Hyderabad,Data Science,Data Scientist,MCA,4,4,1485000
Chennai,Software Development,Software Developer,Diploma,7,6,1630000
Mumbai,Data Science,Data Analyst,Diploma,0,4,450000
Pune,Software Development,Software Developer,B.Tech,1,3,670000
Mumbai,Artificial Intelligence,ML Engineer,Diploma,2,4,1055000
Mumbai,Software Development,Software Developer,B.Sc,10,9,2935000
Chennai,Web Development,Web Developer,BCA,1,3,510000
Chennai,Artificial Intelligence,ML Engineer,BCA,1,4,835000
Pune,Web Development,Web Developer,MCA,4,4,1145000
Bangalore,Web Development,Web Developer,BCA,10,8,3005000
Bangalore,Data Science,Data Scientist,M.Tech,4,6,1690000
Hyderabad,Artificial Intelligence,ML Engineer,MBA,4,5,1520000
Chennai,Web Development,Web Developer,B.Tech,4,5,1050000
Bangalore,Web Development,Web Developer,Diploma,4,6,1175000
Delhi,Data Science,Data Analyst,MBA,1,2,640000
Bangalore,Software Development,Software Developer,B.Tech,0,4,655000
Delhi,Data Science,Data Scientist,B.Tech,2,5,1065000
Delhi,Software Development,Software Developer,B.Sc,7,5,1840000
Delhi,Artificial Intelligence,ML Engineer,BCA,1,3,855000
Bangalore,Artificial Intelligence,ML Engineer,M.Tech,1,3,1175000
Mumbai,Artificial Intelligence,AI Engineer,B.Tech,4,6,1715000
Mumbai,Data Science,Data Analyst,Diploma,4,5,1165000
Bangalore,Data Science,Data Scientist,B.Tech,4,5,1610000
Delhi,Software Development,Software Developer,MBA,10,9,2930000
Hyderabad,Artificial Intelligence,AI Engineer,MBA,0,2,860000
Mumbai,Artificial Intelligence,ML Engineer,Diploma,1,3,885000
Pune,Artificial Intelligence,AI Engineer,B.Sc,4,5,1390000
Pune,Artificial Intelligence,ML Engineer,B.Tech,10,7,2965000
Bangalore,Data Science,Data Analyst,B.Tech,10,8,3060000
Mumbai,Web Development,Web Developer,MBA,7,6,1970000
Mumbai,Data Science,Data Analyst,Diploma,10,9,2920000
Delhi,Artificial Intelligence,ML Engineer,B.Sc,10,9,3035000
Pune,Software Development,Software Developer,B.Tech,7,5,1790000
Hyderabad,Software Development,Software Developer,B.Tech,7,7,2045000
Hyderabad,Software Development,Software Developer,MCA,7,6,2000000
Pune,Artificial Intelligence,ML Engineer,M.Tech,4,6,1510000
Chennai,Artificial Intelligence,ML Engineer,BCA,0,4,680000
Bangalore,Artificial Intelligence,ML Engineer,BCA,10,7,3340000
Delhi,Web Development,Web Developer,B.Sc,10,9,2665000
Pune,Software Development,Software Developer,B.Sc,1,4,585000
Chennai,Data Science,Data Scientist,MBA,7,6,2010000
Bangalore,Artificial Intelligence,ML Engineer,B.Sc,10,7,3295000
Delhi,Software Development,Software Developer,M.Tech,2,3,885000
Pune,Data Science,Data Scientist,BCA,2,4,900000
Bangalore,Software Development,Software Developer,B.Tech,4,5,1335000
Chennai,Data Science,Data Analyst,B.Tech,0,2,485000
Chennai,Artificial Intelligence,ML Engineer,B.Tech,1,3,800000
Delhi,Software Development,Software Developer,M.Tech,1,3,775000
Mumbai,Software Development,Software Developer,Diploma,7,6,1940000
Hyderabad,Artificial Intelligence,AI Engineer,M.Tech,1,2,1115000
Mumbai,Artificial Intelligence,ML Engineer,B.Tech,7,7,2365000
Bangalore,Software Development,Software Developer,M.Tech,7,5,2180000
Delhi,Data Science,Data Scientist,B.Sc,7,5,2050000
Mumbai,Artificial Intelligence,ML Engineer,MCA,7,5,2390000
Chennai,Data Science,Data Scientist,B.Sc,0,4,645000
Hyderabad,Software Development,Software Developer,B.Sc,2,5,815000
Delhi,Data Science,Data Scientist,BCA,2,4,1005000
Mumbai,Data Science,Data Scientist,MBA,7,7,2325000
Chennai,Artificial Intelligence,ML Engineer,MCA,4,4,1370000
Mumbai,Artificial Intelligence,AI Engineer,BCA,10,7,3225000
Bangalore,Data Science,Data Scientist,Diploma,1,4,825000
Chennai,Data Science,Data Analyst,M.Tech,4,4,1215000
Hyderabad,Data Science,Data Analyst,M.Tech,2,3,920000
Mumbai,Web Development,Web Developer,B.Tech,2,4,765000
Pune,Artificial Intelligence,ML Engineer,MCA,0,2,810000
Hyderabad,Web Development,Web Developer,M.Tech,4,5,1240000
Chennai,Artificial Intelligence,AI Engineer,BCA,4,5,1370000
Chennai,Software Development,Software Developer,B.Tech,7,6,1740000
Mumbai,Software Development,Software Developer,B.Tech,2,5,890000
Hyderabad,Data Science,Data Analyst,BCA,2,5,795000
Delhi,Artificial Intelligence,AI Engineer,B.Tech,10,8,3195000
Pune,Data Science,Data Scientist,B.Sc,2,4,880000
Delhi,Web Development,Web Developer,B.Sc,7,7,1825000
Hyderabad,Data Science,Data Scientist,MBA,2,5,1150000
Bangalore,Artificial Intelligence,ML Engineer,MBA,7,5,2460000
Hyderabad,Web Development,Web Developer,MBA,10,8,2895000
Bangalore,Artificial Intelligence,AI Engineer,MCA,10,8,3560000
Bangalore,Web Development,Web Developer,MBA,0,3,475000
Pune,Data Science,Data Scientist,MBA,1,2,825000
Hyderabad,Data Science,Data Scientist,B.Sc,7,7,2125000
Mumbai,Web Development,Web Developer,Diploma,1,2,480000
Bangalore,Artificial Intelligence,AI Engineer,MCA,4,6,1775000
Bangalore,Software Development,Software Developer,MBA,4,5,1355000
Mumbai,Web Development,Web Developer,Diploma,7,7,1825000
Chennai,Artificial Intelligence,AI Engineer,B.Sc,1,3,850000
Hyderabad,Data Science,Data Analyst,Diploma,4,5,1090000
Chennai,Artificial Intelligence,ML Engineer,B.Tech,10,9,2840000
Bangalore,Software Development,Software Developer,Diploma,2,4,790000
Pune,Data Science,Data Analyst,BCA,10,8,2650000
Bangalore,Web Development,Web Developer,MBA,7,5,2000000
Hyderabad,Web Development,Web Developer,B.Tech,1,2,570000
Bangalore,Artificial Intelligence,ML Engineer,B.Sc,4,6,1555000
Pune,Artificial Intelligence,ML Engineer,BCA,10,8,2850000
Bangalore,Data Science,Data Scientist,MBA,7,6,2355000
Delhi,Web Development,Web Developer,B.Sc,1,3,515000
Chennai,Software Development,Software Developer,BCA,4,5,1065000
Delhi,Artificial Intelligence,AI Engineer,M.Tech,10,8,3230000
Chennai,Data Science,Data Scientist,Diploma,10,8,2680000
Bangalore,Data Science,Data Analyst,BCA,10,8,3070000
Chennai,Artificial Intelligence,AI Engineer,MCA,4,6,1435000
Hyderabad,Web Development,Web Developer,M.Tech,0,2,520000
Mumbai,Web Development,Web Developer,B.Tech,0,3,470000
Mumbai,Artificial Intelligence,ML Engineer,B.Tech,1,4,975000
Mumbai,Web Development,Web Developer,B.Sc,7,6,1835000
Delhi,Artificial Intelligence,ML Engineer,B.Sc,0,3,665000
Hyderabad,Artificial Intelligence,ML Engineer,M.Tech,1,4,1095000
Chennai,Artificial Intelligence,AI Engineer,B.Sc,0,2,675000
Hyderabad,Software Development,Software Developer,MBA,1,3,730000
Bangalore,Artificial Intelligence,AI Engineer,B.Tech,4,6,1715000
Mumbai,Artificial Intelligence,ML Engineer,B.Sc,0,3,760000
Pune,Web Development,Web Developer,B.Tech,7,7,1815000
Bangalore,Data Science,Data Analyst,M.Tech,1,3,865000
Mumbai,Software Development,Software Developer,Diploma,2,5,825000
Pune,Data Science,Data Analyst,M.Tech,4,4,1215000
Mumbai,Web Development,Web Developer,BCA,10,8,2875000
Hyderabad,Web Development,Web Developer,MBA,0,3,490000
Bangalore,Data Science,Data Scientist,MCA,2,5,1270000
Bangalore,Data Science,Data Scientist,MCA,10,7,3355000
Chennai,Artificial Intelligence,AI Engineer,B.Tech,4,6,1460000
Hyderabad,Data Science,Data Analyst,Diploma,2,4,715000
Bangalore,Web Development,Web Developer,MBA,4,4,1275000
Mumbai,Artificial Intelligence,AI Engineer,M.Tech,10,7,3430000
Mumbai,Data Science,Data Scientist,MBA,2,5,1205000
Bangalore,Web Development,Web Developer,MCA,0,4,610000
Pune,Artificial Intelligence,ML Engineer,MCA,1,2,920000
Mumbai,Artificial Intelligence,AI Engineer,MCA,4,6,1755000
Delhi,Web Development,Web Developer,B.Sc,2,5,730000
Bangalore,Web Development,Web Developer,B.Sc,7,7,2020000
Bangalore,Artificial Intelligence,ML Engineer,B.Tech,2,5,1300000
Delhi,Software Development,Software Developer,B.Sc,0,4,475000
Chennai,Software Development,Software Developer,MBA,0,4,545000
Chennai,Artificial Intelligence,ML Engineer,Diploma,0,4,620000
Mumbai,Artificial Intelligence,AI Engineer,B.Tech,0,2,845000
Mumbai,Software Development,Software Developer,M.Tech,4,5,1430000
Chennai,Data Science,Data Analyst,B.Sc,0,4,435000
Delhi,Data Science,Data Scientist,MCA,10,8,3080000
Bangalore,Data Science,Data Analyst,B.Tech,4,5,1285000
Delhi,Web Development,Web Developer,M.Tech,4,4,1255000
Hyderabad,Artificial Intelligence,AI Engineer,B.Sc,0,4,815000
Mumbai,Web Development,Web Developer,Diploma,10,9,2850000
Delhi,Artificial Intelligence,ML Engineer,MBA,1,4,995000
Bangalore,Web Development,Web Developer,BCA,1,2,580000
Bangalore,Web Development,Web Developer,Diploma,7,5,1875000
Mumbai,Software Development,Software Developer,MCA,7,5,2040000
Delhi,Software Development,Software Developer,MCA,10,7,2805000
Pune,Data Science,Data Analyst,B.Sc,7,6,1780000
Chennai,Software Development,Software Developer,MCA,10,7,2575000
Mumbai,Web Development,Web Developer,BCA,4,5,1150000
Bangalore,Artificial Intelligence,ML Engineer,BCA,4,5,1565000
Mumbai,Data Science,Data Analyst,MBA,4,6,1345000
Bangalore,Artificial Intelligence,AI Engineer,B.Tech,7,7,2525000
Pune,Data Science,Data Analyst,B.Tech,7,6,1780000
Chennai,Artificial Intelligence,ML Engineer,MCA,1,3,870000
Pune,Artificial Intelligence,ML Engineer,MBA,1,4,965000
Mumbai,Software Development,Software Developer,M.Tech,1,4,810000
Chennai,Data Science,Data Analyst,Diploma,1,3,495000
Hyderabad,Software Development,Software Developer,MBA,4,6,1315000
Hyderabad,Data Science,Data Analyst,BCA,4,5,1135000
Delhi,Data Science,Data Scientist,MCA,4,6,1485000
Hyderabad,Artificial Intelligence,AI Engineer,Diploma,7,6,2165000
Pune,Web Development,Web Developer,M.Tech,4,5,1155000
Bangalore,Artificial Intelligence,ML Engineer,MCA,7,7,2480000
Pune,Data Science,Data Analyst,M.Tech,7,6,1940000
Chennai,Data Science,Data Scientist,B.Tech,2,3,910000
Bangalore,Data Science,Data Analyst,M.Tech,2,4,1005000
Pune,Artificial Intelligence,ML Engineer,M.Tech,0,2,850000
Bangalore,Artificial Intelligence,ML Engineer,MCA,10,9,3490000
Chennai,Artificial Intelligence,AI Engineer,BCA,7,6,2000000
Pune,Web Development,Web Developer,B.Sc,7,6,1665000
Chennai,Web Development,Web Developer,BCA,7,6,1595000
Hyderabad,Data Science,Data Scientist,M.Tech,4,6,1645000
Mumbai,Software Development,Software Developer,MCA,1,4,825000
Mumbai,Artificial Intelligence,AI Engineer,Diploma,2,3,1010000
Delhi,Data Science,Data Analyst,B.Tech,7,7,1945000
Pune,Software Development,Software Developer,BCA,4,4,1050000
Chennai,Artificial Intelligence,AI Engineer,M.Tech,2,5,1190000
Delhi,Artificial Intelligence,ML Engineer,MBA,0,2,760000
Mumbai,Data Science,Data Analyst,BCA,7,5,1980000
Pune,Data Science,Data Scientist,M.Tech,10,7,2995000
Chennai,Artificial Intelligence,ML Engineer,MCA,7,6,2030000
Delhi,Data Science,Data Scientist,MCA,2,3,1085000
Pune,Software Development,Software Developer,B.Tech,10,7,2625000
Hyderabad,Data Science,Data Analyst,B.Sc,1,4,625000
Chennai,Web Development,Web Developer,M.Tech,2,3,745000
Hyderabad,Artificial Intelligence,ML Engineer,M.Tech,0,2,870000
Chennai,Web Development,Web Developer,B.Tech,1,3,555000
Bangalore,Artificial Intelligence,AI Engineer,BCA,7,5,2390000
Mumbai,Web Development,Web Developer,B.Sc,1,4,590000
Pune,Artificial Intelligence,AI Engineer,Diploma,0,3,665000
Bangalore,Software Development,Software Developer,BCA,10,7,3020000
Mumbai,Artificial Intelligence,ML Engineer,M.Tech,2,5,1320000
Mumbai,Artificial Intelligence,AI Engineer,M.Tech,7,5,2500000
Hyderabad,Data Science,Data Scientist,MBA,1,3,905000
Chennai,Data Science,Data Analyst,Diploma,2,3,555000
Bangalore,Artificial Intelligence,AI Engineer,M.Tech,0,4,1120000
Hyderabad,Web Development,Web Developer,B.Tech,7,7,1955000
Pune,Data Science,Data Scientist,MCA,2,3,980000
Pune,Artificial Intelligence,AI Engineer,Diploma,1,3,835000
Chennai,Data Science,Data Scientist,M.Tech,4,6,1440000
Bangalore,Data Science,Data Analyst,Diploma,4,6,1170000
Bangalore,Artificial Intelligence,ML Engineer,MCA,4,4,1645000
Hyderabad,Software Development,Software Developer,MCA,1,3,695000
Bangalore,Software Development,Software Developer,B.Sc,7,7,2095000
Chennai,Artificial Intelligence,ML Engineer,B.Sc,10,7,2730000
Mumbai,Software Development,Software Developer,MBA,0,3,630000
Hyderabad,Data Science,Data Analyst,B.Tech,7,5,1945000
Mumbai,Software Development,Software Developer,MBA,7,7,2075000
Mumbai,Data Science,Data Analyst,BCA,0,2,480000
Mumbai,Software Development,Software Developer,BCA,0,2,455000
Mumbai,Data Science,Data Analyst,MCA,4,5,1300000
Chennai,Data Science,Data Analyst,Diploma,4,5,1010000
Delhi,Data Science,Data Analyst,B.Sc,4,6,1190000
Delhi,Artificial Intelligence,ML Engineer,B.Tech,2,3,1090000
Chennai,Data Science,Data Analyst,BCA,10,9,2570000
Chennai,Software Development,Software Developer,B.Sc,7,7,1685000
Pune,Data Science,Data Analyst,Diploma,10,7,2515000
Delhi,Data Science,Data Analyst,Diploma,2,5,685000
Pune,Artificial Intelligence,ML Engineer,Diploma,2,5,965000
Chennai,Software Development,Software Developer,Diploma,2,3,620000
Hyderabad,Data Science,Data Analyst,M.Tech,0,4,655000
Pune,Data Science,Data Scientist,MCA,0,4,770000
Pune,Data Science,Data Scientist,M.Tech,1,4,945000
Delhi,Artificial Intelligence,AI Engineer,Diploma,0,4,775000
Mumbai,Artificial Intelligence,ML Engineer,M.Tech,10,7,3400000
Chennai,Data Science,Data Scientist,B.Sc,1,4,715000
Chennai,Artificial Intelligence,ML Engineer,MBA,7,7,2015000
Bangalore,Artificial Intelligence,AI Engineer,M.Tech,10,9,3625000
Pune,Data Science,Data Analyst,MBA,2,5,855000
Mumbai,Software Development,Software Developer,B.Tech,7,6,2045000
Pune,Data Science,Data Analyst,B.Tech,10,7,2660000
Delhi,Data Science,Data Analyst,B.Sc,0,4,450000
Delhi,Web Development,Web Developer,BCA,1,4,545000
Mumbai,Artificial Intelligence,AI Engineer,MBA,4,4,1635000
Delhi,Data Science,Data Analyst,BCA,7,7,1870000
Hyderabad,Data Science,Data Scientist,Diploma,0,4,680000
Mumbai,Software Development,Software Developer,MCA,0,2,540000
Hyderabad,Data Science,Data Scientist,M.Tech,0,2,815000
Pune,Web Development,Web Developer,BCA,4,5,1010000
Delhi,Artificial Intelligence,ML Engineer,MCA,7,6,2245000
Pune,Artificial Intelligence,ML Engineer,M.Tech,2,5,1220000
Delhi,Software Development,Software Developer,MBA,1,3,715000
Chennai,Data Science,Data Scientist,Diploma,7,5,1790000
Mumbai,Artificial Intelligence,AI Engineer,B.Sc,2,4,1105000
Hyderabad,Data Science,Data Scientist,B.Tech,2,5,1120000
Mumbai,Data Science,Data Analyst,MBA,7,6,2075000
Mumbai,Artificial Intelligence,ML Engineer,B.Tech,10,9,3320000
Bangalore,Data Science,Data Analyst,MCA,0,2,565000
Chennai,Data Science,Data Scientist,M.Tech,0,4,775000
Delhi,Data Science,Data Analyst,MBA,4,5,1220000
Bangalore,Software Development,Software Developer,BCA,0,2,490000
Mumbai,Data Science,Data Analyst,BCA,1,4,615000
Chennai,Web Development,Web Developer,MBA,1,2,550000
Hyderabad,Software Development,Software Developer,BCA,2,3,730000
Delhi,Artificial Intelligence,AI Engineer,B.Sc,4,5,1495000
Mumbai,Data Science,Data Scientist,Diploma,1,4,850000
Hyderabad,Artificial Intelligence,ML Engineer,Diploma,10,7,3030000
Delhi,Artificial Intelligence,ML Engineer,MCA,4,6,1520000
Hyderabad,Software Development,Software Developer,M.Tech,10,8,3050000
Mumbai,Data Science,Data Analyst,B.Tech,1,2,660000
Bangalore,Web Development,Web Developer,Diploma,0,3,370000
Hyderabad,Web Development,Web Developer,MBA,4,6,1265000
Bangalore,Data Science,Data Analyst,M.Tech,4,4,1375000
Pune,Artificial Intelligence,ML Engineer,Diploma,0,3,590000
Hyderabad,Artificial Intelligence,ML Engineer,MCA,7,7,2340000
Mumbai,Web Development,Web Developer,BCA,2,3,755000
Delhi,Artificial Intelligence,AI Engineer,Diploma,7,5,2050000
Pune,Data Science,Data Scientist,B.Sc,7,5,1975000
Bangalore,Artificial Intelligence,AI Engineer,M.Tech,2,5,1425000
Pune,Artificial Intelligence,ML Engineer,BCA,2,4,1025000
Chennai,Web Development,Web Developer,Diploma,0,4,335000
Delhi,Web Development,Web Developer,MBA,1,2,555000
Bangalore,Web Development,Web Developer,MBA,10,7,3070000
Delhi,Artificial Intelligence,AI Engineer,B.Tech,4,5,1535000
Pune,Artificial Intelligence,AI Engineer,B.Tech,2,4,1100000
Mumbai,Data Science,Data Scientist,MCA,7,7,2355000
Mumbai,Data Science,Data Scientist,B.Sc,0,4,760000
Hyderabad,Artificial Intelligence,ML Engineer,B.Tech,4,6,1545000
Chennai,Data Science,Data Analyst,MCA,0,4,490000
Mumbai,Web Development,Web Developer,MCA,1,3,680000
Bangalore,Software Development,Software Developer,MCA,2,5,1025000
Chennai,Artificial Intelligence,ML Engineer,BCA,7,5,1885000
Chennai,Software Development,Software Developer,Diploma,0,2,370000
Pune,Data Science,Data Scientist,B.Sc,4,6,1290000
Pune,Artificial Intelligence,ML Engineer,BCA,0,4,740000
Delhi,Software Development,Software Developer,MCA,2,3,865000
Delhi,Artificial Intelligence,AI Engineer,Diploma,10,9,3045000
Pune,Artificial Intelligence,ML Engineer,B.Sc,10,8,2880000
Pune,Software Development,Software Developer,BCA,0,4,465000
Hyderabad,Data Science,Data Analyst,MBA,2,4,820000
Bangalore,Artificial Intelligence,ML Engineer,Diploma,4,6,1550000
Mumbai,Data Science,Data Analyst,M.Tech,10,8,3120000
Chennai,Web Development,Web Developer,BCA,4,5,1030000
Pune,Web Development,Web Developer,MBA,2,5,790000
Pune,Software Development,Software Developer,B.Sc,4,6,1070000
Pune,Artificial Intelligence,AI Engineer,M.Tech,1,4,1060000
Delhi,Web Development,Web Developer,MBA,0,4,525000
Pune,Artificial Intelligence,ML Engineer,MBA,2,3,1015000
Hyderabad,Artificial Intelligence,ML Engineer,BCA,1,2,820000
Pune,Software Development,Software Developer,Diploma,4,6,1035000
Bangalore,Data Science,Data Scientist,Diploma,4,5,1390000
Delhi,Data Science,Data Scientist,B.Tech,4,4,1360000
Delhi,Data Science,Data Scientist,Diploma,7,7,2045000
Hyderabad,Data Science,Data Scientist,B.Sc,0,4,750000
Delhi,Artificial Intelligence,ML Engineer,B.Tech,1,3,950000
Chennai,Software Development,Software Developer,BCA,2,4,685000
Pune,Artificial Intelligence,AI Engineer,Diploma,7,6,1980000
Bangalore,Software Development,Software Developer,MBA,1,2,690000
Delhi,Software Development,Software Developer,BCA,7,6,1880000
Bangalore,Software Development,Software Developer,M.Tech,10,9,3325000
Hyderabad,Data Science,Data Scientist,M.Tech,1,3,995000
Bangalore,Web Development,Web Developer,MCA,7,7,2145000
Hyderabad,Data Science,Data Scientist,MBA,10,8,3130000
Pune,Data Science,Data Analyst,MCA,7,7,1890000
Mumbai,Data Science,Data Analyst,B.Tech,7,5,1965000
Bangalore,Web Development,Web Developer,B.Sc,10,7,2920000
Chennai,Data Science,Data Scientist,MBA,2,4,945000
Delhi,Software Development,Software Developer,B.Sc,10,7,2690000
Pune,Data Science,Data Analyst,MCA,10,7,2650000
Chennai,Data Science,Data Scientist,Diploma,0,2,575000
Bangalore,Web Development,Web Developer,M.Tech,10,8,3115000
Mumbai,Software Development,Software Developer,B.Sc,0,3,455000
Chennai,Data Science,Data Scientist,MCA,10,8,2855000
Delhi,Software Development,Software Developer,BCA,2,3,765000
Mumbai,Software Development,Software Developer,MBA,2,3,935000
Delhi,Web Development,Web Developer,M.Tech,10,8,2870000
Delhi,Software Development,Software Developer,B.Tech,10,8,2845000
Mumbai,Data Science,Data Analyst,B.Sc,4,4,1180000
Chennai,Data Science,Data Scientist,MBA,10,9,2795000
Mumbai,Artificial Intelligence,AI Engineer,Diploma,4,5,1535000
Bangalore,Artificial Intelligence,AI Engineer,B.Sc,0,2,805000
Mumbai,Web Development,Web Developer,M.Tech,10,9,3075000
Pune,Artificial Intelligence,ML Engineer,M.Tech,7,7,2205000
Mumbai,Software Development,Software Developer,BCA,2,5,895000
Pune,Artificial Intelligence,AI Engineer,MCA,4,5,1520000
Chennai,Data Science,Data Analyst,MBA,10,7,2575000
Mumbai,Artificial Intelligence,AI Engineer,B.Sc,7,6,2320000
Chennai,Data Science,Data Analyst,MBA,1,2,620000
Chennai,Software Development,Software Developer,BCA,10,8,2550000
Hyderabad,Data Science,Data Scientist,MCA,7,5,2185000
Pune,Data Science,Data Analyst,B.Tech,1,4,670000
Pune,Software Development,Software Developer,B.Tech,2,5,875000
Pune,Web Development,Web Developer,B.Tech,0,4,490000
Pune,Data Science,Data Scientist,B.Sc,1,4,805000
Hyderabad,Data Science,Data Analyst,B.Tech,0,4,590000
Pune,Software Development,Software Developer,M.Tech,7,7,1970000
Bangalore,Software Development,Software Developer,MCA,4,6,1435000
Pune,Web Development,Web Developer,M.Tech,10,9,2790000
Hyderabad,Data Science,Data Scientist,B.Sc,1,3,780000
Chennai,Data Science,Data Analyst,MCA,4,6,1170000
Mumbai,Artificial Intelligence,AI Engineer,BCA,7,7,2340000
Bangalore,Artificial Intelligence,ML Engineer,Diploma,1,3,895000
Chennai,Data Science,Data Analyst,M.Tech,7,7,1875000
Mumbai,Data Science,Data Scientist,M.Tech,0,4,940000
Chennai,Web Development,Web Developer,Diploma,4,5,950000
Hyderabad,Artificial Intelligence,ML Engineer,B.Tech,10,8,3200000
Hyderabad,Artificial Intelligence,ML Engineer,BCA,0,3,800000
Mumbai,Data Science,Data Analyst,B.Sc,2,4,810000
Delhi,Data Science,Data Analyst,MBA,2,3,850000
Bangalore,Software Development,Software Developer,MCA,10,9,3200000
Chennai,Software Development,Software Developer,B.Sc,10,9,2510000
Mumbai,Artificial Intelligence,ML Engineer,MCA,2,3,1200000
Mumbai,Software Development,Software Developer,MCA,4,4,1285000
Delhi,Artificial Intelligence,ML Engineer,MCA,10,7,3125000
Mumbai,Artificial Intelligence,AI Engineer,M.Tech,1,3,1170000
Bangalore,Artificial Intelligence,AI Engineer,BCA,4,5,1675000
Hyderabad,Data Science,Data Analyst,MCA,10,8,2925000
Delhi,Web Development,Web Developer,B.Tech,4,6,1150000
Hyderabad,Web Development,Web Developer,BCA,1,3,555000
Hyderabad,Artificial Intelligence,AI Engineer,M.Tech,2,5,1330000
Chennai,Web Development,Web Developer,M.Tech,1,2,620000
Hyderabad,Web Development,Web Developer,Diploma,10,7,2695000
Chennai,Artificial Intelligence,ML Engineer,Diploma,7,5,1835000
Delhi,Data Science,Data Analyst,BCA,4,4,1160000
Mumbai,Data Science,Data Scientist,B.Tech,4,6,1535000
Delhi,Software Development,Software Developer,BCA,4,4,1165000
Pune,Data Science,Data Analyst,MCA,2,3,760000
Mumbai,Data Science,Data Analyst,MCA,0,3,595000
Chennai,Data Science,Data Analyst,B.Sc,2,5,695000
Chennai,Software Development,Software Developer,BCA,1,2,500000
Pune,Web Development,Web Developer,Diploma,4,4,910000
Chennai,Data Science,Data Scientist,B.Sc,10,8,2670000
Pune,Web Development,Web Developer,M.Tech,2,5,855000
Bangalore,Software Development,Software Developer,B.Tech,2,5,925000
Delhi,Artificial Intelligence,ML Engineer,MCA,2,3,1125000
Hyderabad,Data Science,Data Analyst,B.Sc,7,5,1815000
Chennai,Data Science,Data Analyst,B.Tech,10,9,2585000
Mumbai,Data Science,Data Scientist,B.Tech,2,4,1130000
Pune,Software Development,Software Developer,BCA,7,6,1770000
Delhi,Data Science,Data Analyst,BCA,0,4,485000
Bangalore,Artificial Intelligence,AI Engineer,Diploma,1,3,950000
Bangalore,Web Development,Web Developer,B.Tech,4,4,1260000
Mumbai,Artificial Intelligence,ML Engineer,Diploma,10,8,3120000
Mumbai,Artificial Intelligence,AI Engineer,BCA,4,5,1535000
Hyderabad,Web Development,Web Developer,B.Sc,4,5,1125000
Chennai,Web Development,Web Developer,BCA,0,2,350000
Mumbai,Data Science,Data Scientist,M.Tech,4,6,1665000
Chennai,Software Development,Software Developer,MBA,1,4,650000
Chennai,Data Science,Data Scientist,MBA,0,2,655000
Pune,Data Science,Data Scientist,B.Sc,10,8,2805000
Hyderabad,Artificial Intelligence,AI Engineer,B.Sc,4,4,1425000
Bangalore,Data Science,Data Scientist,MBA,0,2,845000
Hyderabad,Artificial Intelligence,ML Engineer,M.Tech,2,4,1280000
Pune,Software Development,Software Developer,MCA,1,4,675000
Pune,Web Development,Web Developer,Diploma,10,7,2430000
Pune,Data Science,Data Analyst,MCA,4,5,1230000
Chennai,Web Development,Web Developer,B.Tech,0,4,425000
Bangalore,Web Development,Web Developer,M.Tech,7,6,2180000
Hyderabad,Web Development,Web Developer,B.Sc,1,2,455000
Chennai,Data Science,Data Analyst,MBA,0,3,495000
Delhi,Artificial Intelligence,AI Engineer,MBA,1,4,1015000
Mumbai,Software Development,Software Developer,MCA,2,5,1015000
Delhi,Artificial Intelligence,AI Engineer,MCA,2,3,1150000
Chennai,Data Science,Data Scientist,B.Sc,4,5,1210000
Hyderabad,Artificial Intelligence,AI Engineer,BCA,7,7,2260000
Pune,Artificial Intelligence,ML Engineer,MCA,4,4,1410000
Mumbai,Artificial Intelligence,ML Engineer,MBA,0,2,820000
Mumbai,Software Development,Software Developer,MCA,10,8,3105000
Bangalore,Artificial Intelligence,AI Engineer,MBA,7,5,2455000
Hyderabad,Data Science,Data Scientist,B.Sc,10,7,3025000
Mumbai,Artificial Intelligence,AI Engineer,MBA,7,6,2460000
Hyderabad,Software Development,Software Developer,MCA,10,9,3005000
Delhi,Software Development,Software Developer,M.Tech,7,5,2020000
Delhi,Software Development,Software Developer,MCA,7,7,1990000
Chennai,Data Science,Data Analyst,M.Tech,2,3,780000
Hyderabad,Data Science,Data Scientist,B.Tech,7,6,2215000
Delhi,Data Science,Data Analyst,B.Tech,2,5,870000
Mumbai,Software Development,Software Developer,Diploma,1,3,540000
Delhi,Artificial Intelligence,AI Engineer,MCA,4,5,1630000
Mumbai,Software Development,Software Developer,BCA,1,4,710000
Chennai,Software Development,Software Developer,M.Tech,2,5,890000
Pune,Software Development,Software Developer,Diploma,0,2,350000
Chennai,Software Development,Software Developer,Diploma,10,9,2495000
Delhi,Software Development,Software Developer,Diploma,10,7,2675000
Bangalore,Data Science,Data Scientist,M.Tech,0,2,885000
Pune,Artificial Intelligence,AI Engineer,MBA,2,5,1115000
Pune,Web Development,Web Developer,MCA,10,9,2655000
Hyderabad,Web Development,Web Developer,BCA,4,5,1090000
Delhi,Data Science,Data Analyst,B.Sc,7,6,1810000
Pune,Artificial Intelligence,ML Engineer,BCA,7,7,2090000
Hyderabad,Software Development,Software Developer,BCA,0,4,505000
Delhi,Data Science,Data Scientist,MBA,1,4,905000
Hyderabad,Artificial Intelligence,AI Engineer,B.Tech,7,5,2315000
Delhi,Web Development,Web Developer,M.Tech,0,4,630000
Hyderabad,Data Science,Data Analyst,M.Tech,4,4,1290000
Mumbai,Artificial Intelligence,ML Engineer,MBA,4,4,1585000
Delhi,Data Science,Data Scientist,MBA,0,3,800000
Delhi,Software Development,Software Developer,BCA,10,8,2810000
Mumbai,Web Development,Web Developer,MBA,0,4,530000
Hyderabad,Data Science,Data Analyst,B.Tech,4,4,1185000
Hyderabad,Web Development,Web Developer,MCA,2,4,790000
Pune,Web Development,Web Developer,BCA,1,3,490000
Pune,Artificial Intelligence,AI Engineer,B.Tech,10,9,3055000
Delhi,Artificial Intelligence,ML Engineer,MCA,0,2,800000
Delhi,Web Development,Web Developer,B.Tech,7,7,1840000
Bangalore,Data Science,Data Scientist,B.Sc,7,6,2260000
Mumbai,Artificial Intelligence,AI Engineer,Diploma,10,9,3215000
Pune,Artificial Intelligence,ML Engineer,MBA,7,5,2105000
Delhi,Data Science,Data Analyst,MCA,7,6,1985000
Chennai,Data Science,Data Scientist,B.Sc,7,6,1890000
Pune,Software Development,Software Developer,MBA,7,5,1875000
Pune,Web Development,Web Developer,MCA,0,2,435000
Chennai,Artificial Intelligence,AI Engineer,M.Tech,4,6,1535000
Mumbai,Artificial Intelligence,AI Engineer,BCA,1,3,945000
Hyderabad,Software Development,Software Developer,MCA,2,5,945000
Hyderabad,Artificial Intelligence,ML Engineer,M.Tech,7,5,2295000
Delhi,Web Development,Web Developer,MCA,1,4,660000
Bangalore,Artificial Intelligence,ML Engineer,BCA,0,4,870000
Chennai,Data Science,Data Analyst,MBA,4,4,1085000
Chennai,Data Science,Data Scientist,BCA,4,4,1205000
Delhi,Software Development,Software Developer,M.Tech,10,7,2905000
Bangalore,Data Science,Data Analyst,MCA,1,2,730000
Delhi,Data Science,Data Scientist,MCA,0,2,710000
Pune,Web Development,Web Developer,Diploma,7,7,1685000
Delhi,Data Science,Data Analyst,M.Tech,10,7,2880000
Delhi,Software Development,Software Developer,BCA,0,4,525000
Delhi,Data Science,Data Scientist,MBA,2,5,1070000
Bangalore,Software Development,Software Developer,Diploma,10,7,2980000
Chennai,Artificial Intelligence,ML Engineer,M.Tech,1,3,955000
Hyderabad,Data Science,Data Scientist,M.Tech,10,7,3185000
Bangalore,Data Science,Data Scientist,MCA,1,4,1085000
Bangalore,Artificial Intelligence,AI Engineer,M.Tech,4,4,1790000
Mumbai,Data Science,Data Scientist,MBA,1,3,985000
Hyderabad,Software Development,Software Developer,Diploma,2,3,680000
Chennai,Artificial Intelligence,ML Engineer,B.Tech,7,7,2040000
Hyderabad,Artificial Intelligence,ML Engineer,M.Tech,10,9,3345000
Chennai,Artificial Intelligence,AI Engineer,B.Tech,0,4,765000
Bangalore,Artificial Intelligence,ML Engineer,MBA,1,3,1045000
Hyderabad,Data Science,Data Analyst,Diploma,1,2,480000
Chennai,Data Science,Data Scientist,MCA,4,5,1330000
Chennai,Web Development,Web Developer,B.Sc,4,6,965000
Mumbai,Artificial Intelligence,ML Engineer,Diploma,7,5,2135000
Chennai,Data Science,Data Analyst,BCA,4,5,1010000
Bangalore,Web Development,Web Developer,MBA,2,3,825000
Delhi,Software Development,Software Developer,MBA,0,2,555000
Delhi,Data Science,Data Analyst,MBA,0,4,555000
Pune,Web Development,Web Developer,MBA,1,2,530000
Mumbai,Artificial Intelligence,AI Engineer,MCA,0,3,985000
Bangalore,Artificial Intelligence,AI Engineer,M.Tech,7,5,2575000
Bangalore,Web Development,Web Developer,Diploma,10,7,2810000
Bangalore,Software Development,Software Developer,MCA,1,3,755000
Pune,Data Science,Data Scientist,MBA,7,5,2070000
Bangalore,Artificial Intelligence,ML Engineer,MBA,10,7,3415000
Delhi,Web Development,Web Developer,MCA,4,4,1170000
Bangalore,Artificial Intelligence,AI Engineer,B.Tech,2,3,1270000
Pune,Artificial Intelligence,ML Engineer,M.Tech,10,8,3020000
Hyderabad,Artificial Intelligence,ML Engineer,BCA,7,7,2180000
Bangalore,Artificial Intelligence,AI Engineer,MBA,0,4,1000000
Delhi,Software Development,Software Developer,BCA,1,4,665000
Delhi,Artificial Intelligence,AI Engineer,B.Sc,2,3,1090000
Delhi,Web Development,Web Developer,M.Tech,7,6,1920000
Bangalore,Data Science,Data Analyst,B.Sc,10,8,2975000
Mumbai,Data Science,Data Analyst,B.Sc,1,3,565000
Hyderabad,Data Science,Data Scientist,Diploma,7,7,2100000
Hyderabad,Data Science,Data Scientist,B.Tech,0,2,770000
Hyderabad,Artificial Intelligence,ML Engineer,B.Sc,1,4,905000
Hyderabad,Software Development,Software Developer,B.Tech,10,8,2960000
Mumbai,Software Development,Software Developer,M.Tech,2,4,995000
Bangalore,Data Science,Data Analyst,Diploma,2,3,750000
Hyderabad,Artificial Intelligence,ML Engineer,Diploma,2,3,955000
Bangalore,Artificial Intelligence,ML Engineer,Diploma,10,9,3310000
Hyderabad,Artificial Intelligence,AI Engineer,M.Tech,4,4,1630000
Delhi,Web Development,Web Developer,BCA,10,8,2645000
Delhi,Artificial Intelligence,AI Engineer,BCA,7,6,2215000
Delhi,Data Science,Data Scientist,M.Tech,7,6,2200000
Delhi,Web Development,Web Developer,BCA,2,4,710000
Pune,Data Science,Data Analyst,B.Sc,2,4,700000
Hyderabad,Software Development,Software Developer,B.Tech,1,3,700000
Bangalore,Artificial Intelligence,AI Engineer,B.Sc,2,3,1200000
Hyderabad,Artificial Intelligence,ML Engineer,B.Tech,1,2,925000
Pune,Software Development,Software Developer,B.Sc,2,3,730000
Mumbai,Artificial Intelligence,ML Engineer,MBA,2,3,1125000
Chennai,Artificial Intelligence,ML Engineer,B.Tech,4,6,1380000
Mumbai,Web Development,Web Developer,MBA,10,8,2925000
Hyderabad,Data Science,Data Scientist,M.Tech,7,7,2330000
Hyderabad,Data Science,Data Analyst,MBA,4,4,1270000
Hyderabad,Data Science,Data Analyst,Diploma,10,9,2790000
Delhi,Web Development,Web Developer,B.Sc,0,2,295000
Pune,Data Science,Data Analyst,B.Tech,4,5,1130000
Pune,Data Science,Data Analyst,BCA,2,3,675000
Hyderabad,Web Development,Web Developer,M.Tech,10,7,2890000
Hyderabad,Data Science,Data Analyst,MBA,7,6,1985000
Bangalore,Software Development,Software Developer,Diploma,0,2,395000
Delhi,Web Development,Web Developer,MBA,4,4,1140000
Hyderabad,Data Science,Data Analyst,MCA,7,6,2035000
Mumbai,Data Science,Data Analyst,B.Tech,2,5,895000
Chennai,Web Development,Web Developer,MBA,2,3,660000
Delhi,Data Science,Data Analyst,B.Tech,4,5,1210000
Pune,Artificial Intelligence,AI Engineer,MBA,10,9,3030000
Mumbai,Software Development,Software Developer,B.Sc,2,4,765000
Hyderabad,Data Science,Data Analyst,BCA,10,7,2800000
Pune,Artificial Intelligence,AI Engineer,M.Tech,4,6,1575000
Hyderabad,Data Science,Data Scientist,M.Tech,2,4,1170000
Delhi,Web Development,Web Developer,M.Tech,2,5,880000
Hyderabad,Data Science,Data Scientist,Diploma,4,6,1335000
Pune,Software Development,Software Developer,MBA,0,4,580000
Hyderabad,Data Science,Data Analyst,MCA,4,4,1300000
Chennai,Artificial Intelligence,ML Engineer,MBA,1,4,875000
Pune,Web Development,Web Developer,B.Sc,2,5,700000
Chennai,Software Development,Software Developer,B.Tech,10,9,2575000
Bangalore,Data Science,Data Scientist,BCA,10,9,3360000
Delhi,Data Science,Data Scientist,Diploma,1,4,785000
Hyderabad,Artificial Intelligence,AI Engineer,MBA,1,2,990000
Mumbai,Data Science,Data Scientist,MCA,1,2,915000
Bangalore,Software Development,Software Developer,Diploma,4,5,1195000
Pune,Web Development,Web Developer,B.Sc,1,3,510000
Pune,Data Science,Data Analyst,M.Tech,1,2,730000
Hyderabad,Software Development,Software Developer,BCA,10,7,2795000
Pune,Artificial Intelligence,AI Engineer,MBA,7,7,2210000
Chennai,Data Science,Data Analyst,MCA,2,5,835000
Pune,Web Development,Web Developer,BCA,7,7,1700000
Pune,Software Development,Software Developer,M.Tech,4,4,1220000
Delhi,Data Science,Data Scientist,B.Sc,10,8,2980000
Chennai,Artificial Intelligence,AI Engineer,MBA,0,2,735000
Hyderabad,Artificial Intelligence,ML Engineer,MBA,10,7,3215000
Delhi,Data Science,Data Scientist,B.Sc,1,3,825000
Bangalore,Artificial Intelligence,AI Engineer,BCA,0,4,875000
Bangalore,Web Development,Web Developer,M.Tech,0,4,605000
Pune,Data Science,Data Scientist,MBA,0,4,750000
Chennai,Data Science,Data Analyst,Diploma,10,9,2515000
Pune,Artificial Intelligence,ML Engineer,B.Sc,1,4,835000
Pune,Data Science,Data Scientist,BCA,0,2,635000
Bangalore,Web Development,Web Developer,BCA,2,4,745000
Hyderabad,Artificial Intelligence,ML Engineer,B.Sc,0,2,680000
Delhi,Web Development,Web Developer,B.Tech,2,4,715000
Chennai,Data Science,Data Analyst,M.Tech,1,2,680000
Hyderabad,Artificial Intelligence,AI Engineer,Diploma,10,8,3135000
Hyderabad,Web Development,Web Developer,MCA,1,4,695000
Chennai,Artificial Intelligence,ML Engineer,B.Tech,2,3,995000
Pune,Artificial Intelligence,AI Engineer,MCA,7,5,2165000
Hyderabad,Artificial Intelligence,ML Engineer,Diploma,0,3,640000
Delhi,Web Development,Web Developer,B.Tech,0,2,435000
Mumbai,Data Science,Data Scientist,BCA,10,7,3105000
Bangalore,Web Development,Web Developer,B.Sc,0,2,350000
Mumbai,Artificial Intelligence,ML Engineer,M.Tech,0,3,935000
Chennai,Artificial Intelligence,ML Engineer,BCA,10,8,2800000
Hyderabad,Data Science,Data Analyst,M.Tech,1,2,740000
Hyderabad,Artificial Intelligence,AI Engineer,Diploma,2,5,1040000
Delhi,Artificial Intelligence,ML Engineer,B.Tech,0,3,755000
Mumbai,Data Science,Data Scientist,MBA,0,3,800000
Mumbai,Artificial Intelligence,ML Engineer,MBA,10,9,3365000
Delhi,Artificial Intelligence,ML Engineer,M.Tech,4,4,1535000
Bangalore,Web Development,Web Developer,M.Tech,1,3,790000
Delhi,Software Development,Software Developer,MCA,4,4,1280000
Bangalore,Artificial Intelligence,AI Engineer,B.Sc,10,7,3385000
Chennai,Artificial Intelligence,AI Engineer,B.Sc,2,3,990000
Chennai,Data Science,Data Analyst,BCA,7,6,1665000
Hyderabad,Software Development,Software Developer,Diploma,7,7,1905000
Delhi,Data Science,Data Analyst,Diploma,4,5,1075000
Hyderabad,Artificial Intelligence,ML Engineer,B.Sc,2,3,980000
Mumbai,Data Science,Data Analyst,MBA,1,2,655000
Bangalore,Web Development,Web Developer,B.Sc,2,5,790000
Delhi,Data Science,Data Analyst,Diploma,7,6,1790000
Mumbai,Data Science,Data Analyst,MCA,2,3,870000
Mumbai,Web Development,Web Developer,M.Tech,2,5,905000
Pune,Artificial Intelligence,AI Engineer,BCA,10,9,2975000
Mumbai,Web Development,Web Developer,B.Tech,7,7,1980000
Pune,Artificial Intelligence,AI Engineer,BCA,4,5,1395000
Hyderabad,Artificial Intelligence,AI Engineer,B.Sc,7,5,2230000
Bangalore,Artificial Intelligence,AI Engineer,Diploma,0,3,780000
Pune,Artificial Intelligence,AI Engineer,MCA,2,4,1140000
Mumbai,Artificial Intelligence,ML Engineer,B.Sc,7,7,2290000
Hyderabad,Artificial Intelligence,AI Engineer,B.Tech,0,2,800000
Pune,Artificial Intelligence,ML Engineer,BCA,1,2,775000
Hyderabad,Artificial Intelligence,AI Engineer,MBA,2,5,1280000
Hyderabad,Data Science,Data Scientist,Diploma,1,2,745000
Bangalore,Data Science,Data Analyst,Diploma,1,4,600000
Mumbai,Software Development,Software Developer,B.Sc,4,5,1200000
Delhi,Data Science,Data Analyst,M.Tech,7,5,1990000
Mumbai,Web Development,Web Developer,B.Sc,4,4,1105000
Pune,Data Science,Data Scientist,MCA,1,3,910000
Bangalore,Web Development,Web Developer,MBA,1,2,590000
Pune,Data Science,Data Analyst,MCA,1,3,690000
Mumbai,Web Development,Web Developer,B.Sc,10,9,2840000
Pune,Artificial Intelligence,AI Engineer,MCA,1,2,920000
Chennai,Artificial Intelligence,AI Engineer,BCA,10,9,2805000
Pune,Data Science,Data Scientist,M.Tech,2,5,1130000
Delhi,Data Science,Data Analyst,MBA,10,9,2840000
Delhi,Data Science,Data Scientist,B.Tech,7,6,2185000
Chennai,Web Development,Web Developer,M.Tech,0,2,450000
Hyderabad,Software Development,Software Developer,MBA,2,5,890000
Mumbai,Software Development,Software Developer,BCA,4,5,1210000
Hyderabad,Artificial Intelligence,ML Engineer,B.Sc,10,9,3090000
Bangalore,Software Development,Software Developer,B.Sc,1,3,665000
Bangalore,Data Science,Data Analyst,B.Sc,0,2,440000
Hyderabad,Web Development,Web Developer,B.Tech,2,5,800000
Chennai,Software Development,Software Developer,Diploma,4,6,1025000
Chennai,Artificial Intelligence,ML Engineer,M.Tech,10,7,2865000
Bangalore,Data Science,Data Analyst,B.Tech,2,3,915000
Chennai,Data Science,Data Analyst,B.Tech,4,5,1125000
Chennai,Web Development,Web Developer,MBA,0,2,405000
Pune,Software Development,Software Developer,MCA,4,5,1250000
Hyderabad,Software Development,Software Developer,M.Tech,0,2,635000
Mumbai,Data Science,Data Scientist,M.Tech,2,3,1185000
Hyderabad,Artificial Intelligence,ML Engineer,MBA,0,2,820000
Mumbai,Artificial Intelligence,ML Engineer,B.Sc,10,8,3165000
Hyderabad,Web Development,Web Developer,MBA,1,3,605000
Hyderabad,Web Development,Web Developer,B.Sc,10,7,2665000
Chennai,Artificial Intelligence,AI Engineer,Diploma,4,4,1270000
Chennai,Data Science,Data Analyst,B.Tech,2,5,740000
Bangalore,Artificial Intelligence,AI Engineer,B.Sc,4,5,1575000
Bangalore,Artificial Intelligence,AI Engineer,MCA,2,4,1325000
Chennai,Artificial Intelligence,ML Engineer,MBA,10,8,2815000
Mumbai,Software Development,Software Developer,B.Tech,10,8,2980000
Bangalore,Artificial Intelligence,AI Engineer,Diploma,2,3,1070000
Hyderabad,Data Science,Data Analyst,MCA,1,2,680000
Pune,Data Science,Data Scientist,Diploma,1,2,630000
Bangalore,Software Development,Software Developer,BCA,7,5,1985000
Chennai,Data Science,Data Analyst,B.Tech,7,5,1700000
Hyderabad,Data Science,Data Analyst,MBA,1,4,685000
Pune,Data Science,Data Analyst,B.Tech,2,3,795000
Chennai,Web Development,Web Developer,Diploma,1,3,425000
Chennai,Artificial Intelligence,ML Engineer,B.Tech,0,2,725000
Hyderabad,Web Development,Web Developer,M.Tech,1,4,775000
Delhi,Software Development,Software Developer,Diploma,0,4,455000
Mumbai,Artificial Intelligence,AI Engineer,M.Tech,2,4,1375000
Chennai,Data Science,Data Scientist,Diploma,2,3,790000
Hyderabad,Artificial Intelligence,AI Engineer,Diploma,0,4,805000
Mumbai,Software Development,Software Developer,B.Tech,1,4,780000
Pune,Artificial Intelligence,ML Engineer,Diploma,4,5,1280000
Pune,Software Development,Software Developer,MCA,7,7,1930000
Mumbai,Artificial Intelligence,ML Engineer,BCA,7,6,2270000
Pune,Data Science,Data Analyst,B.Sc,4,5,1080000
Bangalore,Data Science,Data Scientist,MCA,0,3,885000
Bangalore,Artificial Intelligence,ML Engineer,M.Tech,0,4,1045000
Pune,Data Science,Data Scientist,B.Tech,1,3,800000
Delhi,Artificial Intelligence,ML Engineer,BCA,2,4,1045000
Bangalore,Software Development,Software Developer,B.Tech,1,3,755000
Bangalore,Data Science,Data Scientist,B.Tech,7,7,2405000
Pune,Artificial Intelligence,ML Engineer,B.Sc,2,5,995000
Delhi,Artificial Intelligence,ML Engineer,BCA,0,3,775000
Hyderabad,Data Science,Data Analyst,MCA,2,5,940000
Mumbai,Software Development,Software Developer,BCA,7,7,2045000
Chennai,Data Science,Data Scientist,BCA,0,2,550000
Pune,Artificial Intelligence,AI Engineer,Diploma,10,8,2875000
Mumbai,Artificial Intelligence,AI Engineer,MCA,2,3,1260000
Hyderabad,Data Science,Data Scientist,BCA,1,4,880000
Mumbai,Data Science,Data Scientist,M.Tech,7,5,2350000
Hyderabad,Software Development,Software Developer,MBA,0,2,565000
Hyderabad,Data Science,Data Scientist,BCA,10,8,3030000
Pune,Web Development,Web Developer,B.Tech,2,4,715000
Pune,Data Science,Data Scientist,B.Tech,10,8,2890000
Delhi,Data Science,Data Analyst,B.Tech,0,3,525000
Bangalore,Data Science,Data Scientist,M.Tech,10,7,3480000
Bangalore,Web Development,Web Developer,M.Tech,4,5,1385000
Pune,Artificial Intelligence,ML Engineer,B.Sc,4,6,1410000
Hyderabad,Software Development,Software Developer,Diploma,0,4,480000
Pune,Data Science,Data Scientist,MBA,2,5,1010000
Bangalore,Artificial Intelligence,AI Engineer,MBA,10,7,3505000
Delhi,Web Development,Web Developer,MCA,7,6,1865000
Mumbai,Artificial Intelligence,AI Engineer,B.Tech,1,4,1095000
Bangalore,Data Science,Data Scientist,BCA,1,3,900000
Bangalore,Data Science,Data Scientist,BCA,2,5,1085000
Mumbai,Data Science,Data Scientist,Diploma,2,4,1005000
Bangalore,Data Science,Data Scientist,M.Tech,2,3,1275000
Pune,Software Development,Software Developer,MBA,2,3,835000
Bangalore,Data Science,Data Analyst,MBA,2,5,1010000
Mumbai,Web Development,Web Developer,MCA,7,7,2035000
Pune,Web Development,Web Developer,M.Tech,1,4,660000
Pune,Software Development,Software Developer,B.Tech,4,5,1190000
Delhi,Artificial Intelligence,AI Engineer,B.Sc,7,7,2175000
Pune,Artificial Intelligence,ML Engineer,B.Tech,2,5,1055000
Bangalore,Data Science,Data Analyst,B.Tech,0,3,545000
Bangalore,Data Science,Data Analyst,MBA,4,5,1360000
Hyderabad,Data Science,Data Scientist,BCA,0,4,755000
Pune,Artificial Intelligence,AI Engineer,M.Tech,7,7,2295000
Pune,Data Science,Data Analyst,B.Tech,0,4,540000
Pune,Artificial Intelligence,ML Engineer,B.Sc,7,7,2045000
Bangalore,Data Science,Data Analyst,MBA,10,7,3095000
Mumbai,Artificial Intelligence,ML Engineer,MCA,1,2,1040000
Hyderabad,Data Science,Data Analyst,B.Tech,1,2,635000
Mumbai,Data Science,Data Scientist,B.Sc,7,6,2165000
Mumbai,Web Development,Web Developer,B.Tech,10,9,2930000
Delhi,Artificial Intelligence,AI Engineer,MBA,0,3,830000
Pune,Data Science,Data Scientist,Diploma,7,6,1910000
Chennai,Data Science,Data Scientist,MBA,1,2,815000
Hyderabad,Web Development,Web Developer,M.Tech,2,3,825000
Delhi,Artificial Intelligence,ML Engineer,B.Sc,1,4,905000
Hyderabad,Software Development,Software Developer,M.Tech,4,5,1410000
Delhi,Web Development,Web Developer,Diploma,1,3,425000
Bangalore,Software Development,Software Developer,Diploma,7,5,1925000
Delhi,Software Development,Software Developer,B.Tech,2,4,810000
Mumbai,Data Science,Data Analyst,Diploma,1,3,500000
Chennai,Artificial Intelligence,ML Engineer,MCA,2,3,1015000
Chennai,Data Science,Data Scientist,B.Tech,4,6,1310000
Mumbai,Artificial Intelligence,ML Engineer,BCA,10,7,3215000
Delhi,Artificial Intelligence,AI Engineer,B.Tech,1,3,1010000
Chennai,Software Development,Software Developer,B.Tech,0,4,530000
Delhi,Web Development,Web Developer,MBA,7,6,1845000
Mumbai,Data Science,Data Analyst,Diploma,7,6,1915000
Mumbai,Artificial Intelligence,AI Engineer,B.Tech,7,5,2360000
Chennai,Artificial Intelligence,AI Engineer,MCA,2,5,1080000
Bangalore,Software Development,Software Developer,MBA,0,3,580000
Pune,Data Science,Data Analyst,BCA,4,4,1065000
Bangalore,Data Science,Data Analyst,B.Tech,1,3,665000
Bangalore,Artificial Intelligence,ML Engineer,MBA,2,3,1180000
Pune,Data Science,Data Analyst,MBA,10,9,2740000
Delhi,Data Science,Data Scientist,MCA,1,4,960000
Bangalore,Data Science,Data Scientist,MCA,7,7,2435000
Hyderabad,Software Development,Software Developer,B.Sc,1,2,540000
Delhi,Artificial Intelligence,ML Engineer,B.Tech,10,7,3105000
Chennai,Software Development,Software Developer,B.Tech,1,3,560000
Mumbai,Data Science,Data Analyst,M.Tech,4,6,1465000
Chennai,Data Science,Data Analyst,MCA,10,9,2600000
Mumbai,Software Development,Software Developer,MBA,10,9,3055000
Delhi,Data Science,Data Scientist,M.Tech,0,3,810000
Chennai,Artificial Intelligence,ML Engineer,MBA,2,5,1100000
Chennai,Software Development,Software Developer,B.Sc,2,4,665000
Mumbai,Data Science,Data Scientist,BCA,2,3,1035000
Hyderabad,Software Development,Software Developer,Diploma,10,7,2720000
Bangalore,Artificial Intelligence,AI Engineer,BCA,1,4,1070000
Hyderabad,Artificial Intelligence,ML Engineer,B.Tech,7,5,2270000
Delhi,Web Development,Web Developer,MCA,2,4,765000
Bangalore,Data Science,Data Analyst,M.Tech,7,6,2200000
Bangalore,Artificial Intelligence,ML Engineer,MBA,4,6,1710000
Bangalore,Data Science,Data Analyst,MCA,2,3,910000
Delhi,Artificial Intelligence,ML Engineer,MBA,2,3,1100000
Delhi,Data Science,Data Analyst,Diploma,1,4,505000
Delhi,Data Science,Data Analyst,MCA,4,6,1285000
Hyderabad,Artificial Intelligence,AI Engineer,B.Sc,10,8,3155000
Delhi,Data Science,Data Scientist,Diploma,0,2,570000
Chennai,Artificial Intelligence,ML Engineer,M.Tech,4,5,1500000
Bangalore,Artificial Intelligence,ML Engineer,MCA,1,3,1040000
Mumbai,Data Science,Data Scientist,B.Sc,10,9,3230000
Delhi,Web Development,Web Developer,MBA,10,9,2755000
Chennai,Software Development,Software Developer,BCA,0,3,405000
Mumbai,Artificial Intelligence,AI Engineer,MBA,10,8,3425000
Delhi,Artificial Intelligence,AI Engineer,Diploma,2,5,1035000
Pune,Artificial Intelligence,ML Engineer,Diploma,7,7,2015000
Pune,Data Science,Data Scientist,MBA,10,9,2925000
Mumbai,Software Development,Software Developer,B.Tech,0,2,535000
Chennai,Data Science,Data Analyst,Diploma,0,3,340000
Mumbai,Artificial Intelligence,ML Engineer,B.Tech,0,3,870000
Delhi,Artificial Intelligence,AI Engineer,MCA,7,6,2280000
Hyderabad,Web Development,Web Developer,MCA,0,2,435000
Mumbai,Artificial Intelligence,AI Engineer,MCA,1,3,1105000
Pune,Web Development,Web Developer,Diploma,2,3,585000
Chennai,Software Development,Software Developer,MCA,7,6,1850000
Hyderabad,Artificial Intelligence,ML Engineer,Diploma,7,6,2095000
Bangalore,Web Development,Web Developer,B.Tech,7,6,2075000
Bangalore,Data Science,Data Scientist,BCA,0,4,770000
Mumbai,Artificial Intelligence,AI Engineer,B.Sc,0,4,810000
Bangalore,Data Science,Data Analyst,M.Tech,0,4,705000
Bangalore,Data Science,Data Scientist,B.Tech,1,4,1040000
Bangalore,Software Development,Software Developer,BCA,2,3,840000
Chennai,Artificial Intelligence,AI Engineer,BCA,1,2,805000
Pune,Artificial Intelligence,ML Engineer,MCA,10,8,2950000
Mumbai,Artificial Intelligence,AI Engineer,B.Sc,4,5,1525000
Pune,Data Science,Data Scientist,Diploma,0,4,600000
Pune,Artificial Intelligence,ML Engineer,MCA,7,7,2120000
Bangalore,Web Development,Web Developer,Diploma,1,2,455000
Hyderabad,Artificial Intelligence,ML Engineer,B.Tech,2,3,1075000
Bangalore,Data Science,Data Scientist,Diploma,10,9,3255000
Mumbai,Artificial Intelligence,ML Engineer,M.Tech,7,7,2445000
Hyderabad,Software Development,Software Developer,Diploma,4,5,1095000
Bangalore,Artificial Intelligence,AI Engineer,M.Tech,1,2,1170000
Delhi,Artificial Intelligence,ML Engineer,Diploma,0,2,675000
Pune,Web Development,Web Developer,B.Sc,4,6,1000000
Delhi,Data Science,Data Scientist,BCA,4,4,1340000
Delhi,Software Development,Software Developer,B.Sc,2,5,780000
Chennai,Artificial Intelligence,AI Engineer,MBA,4,4,1420000
Hyderabad,Data Science,Data Scientist,B.Sc,2,5,995000
Mumbai,Data Science,Data Scientist,MBA,4,4,1535000
Chennai,Web Development,Web Developer,MBA,10,8,2545000
Mumbai,Artificial Intelligence,ML Engineer,BCA,1,3,900000
Delhi,Data Science,Data Analyst,MCA,2,5,910000
Pune,Artificial Intelligence,AI Engineer,MCA,0,3,820000
Pune,Web Development,Web Developer,MBA,0,3,410000
Chennai,Data Science,Data Scientist,B.Sc,2,4,880000
Mumbai,Data Science,Data Analyst,Diploma,2,4,765000
Pune,Data Science,Data Analyst,MBA,4,6,1240000
Delhi,Artificial Intelligence,AI Engineer,B.Sc,1,4,920000
Mumbai,Software Development,Software Developer,B.Sc,7,6,1965000
Mumbai,Software Development,Software Developer,Diploma,10,7,2820000
Pune,Web Development,Web Developer,M.Tech,7,6,1830000
Bangalore,Data Science,Data Scientist,BCA,4,4,1450000
Delhi,Artificial Intelligence,AI Engineer,MCA,10,8,3170000
Bangalore,Artificial Intelligence,ML Engineer,B.Sc,1,2,900000
Chennai,Artificial Intelligence,ML Engineer,MCA,10,9,2865000
Chennai,Data Science,Data Scientist,BCA,10,7,2670000
Mumbai,Artificial Intelligence,AI Engineer,MBA,1,2,1025000
Bangalore,Data Science,Data Analyst,MBA,7,6,2115000
Mumbai,Artificial Intelligence,AI Engineer,MCA,7,7,2500000
Hyderabad,Data Science,Data Analyst,M.Tech,10,7,3015000
Hyderabad,Artificial Intelligence,AI Engineer,MCA,10,7,3285000
Bangalore,Artificial Intelligence,AI Engineer,B.Tech,1,3,1120000
Bangalore,Software Development,Software Developer,M.Tech,4,5,1445000
Delhi,Artificial Intelligence,AI Engineer,MBA,7,7,2280000
Hyderabad,Data Science,Data Scientist,MBA,4,4,1505000
Pune,Artificial Intelligence,AI Engineer,B.Sc,2,4,985000
Bangalore,Software Development,Software Developer,Diploma,1,3,575000
Pune,Web Development,Web Developer,M.Tech,0,3,495000
Pune,Data Science,Data Analyst,BCA,0,4,430000
Mumbai,Web Development,Web Developer,M.Tech,0,2,590000
Delhi,Software Development,Software Developer,B.Sc,4,4,1140000
Chennai,Data Science,Data Analyst,MBA,2,4,795000
Chennai,Artificial Intelligence,AI Engineer,B.Tech,1,4,930000
Chennai,Data Science,Data Scientist,M.Tech,7,6,2090000
Chennai,Data Science,Data Analyst,Diploma,7,7,1645000
Chennai,Web Development,Web Developer,B.Sc,0,4,350000
Hyderabad,Data Science,Data Analyst,B.Tech,10,7,2875000
Chennai,Software Development,Software Developer,B.Tech,2,4,745000
Bangalore,Artificial Intelligence,AI Engineer,B.Sc,1,4,1025000
Pune,Software Development,Software Developer,MBA,1,2,650000
Mumbai,Data Science,Data Analyst,MCA,10,7,2990000
Pune,Software Development,Software Developer,BCA,10,9,2685000
Hyderabad,Software Development,Software Developer,MBA,10,9,2995000
Bangalore,Software Development,Software Developer,B.Sc,0,4,575000
Delhi,Artificial Intelligence,ML Engineer,Diploma,10,7,2930000
Mumbai,Web Development,Web Developer,MCA,10,8,2945000
Delhi,Data Science,Data Scientist,B.Sc,2,3,970000
Hyderabad,Data Science,Data Analyst,BCA,1,3,625000
Chennai,Artificial Intelligence,AI Engineer,M.Tech,7,6,2155000
Chennai,Artificial Intelligence,AI Engineer,Diploma,10,7,2755000
Chennai,Web Development,Web Developer,B.Sc,7,7,1685000
Chennai,Artificial Intelligence,ML Engineer,Diploma,2,3,860000
Pune,Data Science,Data Analyst,B.Sc,1,2,485000
Bangalore,Artificial Intelligence,AI Engineer,MCA,0,2,925000
Bangalore,Software Development,Software Developer,B.Tech,10,8,3125000
Pune,Data Science,Data Analyst,M.Tech,10,7,2765000
Hyderabad,Software Development,Software Developer,B.Sc,7,5,1865000
Pune,Web Development,Web Developer,MBA,4,5,1095000
Delhi,Artificial Intelligence,ML Engineer,MBA,7,7,2280000
Pune,Artificial Intelligence,AI Engineer,Diploma,2,5,1040000
Delhi,Software Development,Software Developer,MCA,1,4,695000
Delhi,Software Development,Software Developer,MBA,2,4,890000
Bangalore,Data Science,Data Scientist,Diploma,7,7,2260000
Pune,Artificial Intelligence,AI Engineer,Diploma,4,6,1370000
Chennai,Artificial Intelligence,AI Engineer,MCA,10,9,2970000
Mumbai,Web Development,Web Developer,MBA,4,5,1215000
Chennai,Software Development,Software Developer,MCA,1,4,700000
Mumbai,Web Development,Web Developer,B.Tech,1,4,640000
Bangalore,Artificial Intelligence,AI Engineer,BCA,2,4,1190000
Bangalore,Data Science,Data Analyst,BCA,0,2,475000
Bangalore,Artificial Intelligence,ML Engineer,B.Tech,0,3,925000
Pune,Software Development,Software Developer,Diploma,2,4,685000
Pune,Software Development,Software Developer,MBA,10,7,2735000
Mumbai,Software Development,Software Developer,MBA,1,3,760000
Chennai,Data Science,Data Scientist,MCA,7,5,2010000
Hyderabad,Artificial Intelligence,AI Engineer,MCA,4,4,1605000
Delhi,Web Development,Web Developer,B.Tech,1,4,640000
Pune,Artificial Intelligence,ML Engineer,B.Tech,1,2,875000
Delhi,Data Science,Data Analyst,M.Tech,1,3,710000
Pune,Artificial Intelligence,ML Engineer,B.Tech,4,5,1375000
Hyderabad,Software Development,Software Developer,MBA,7,7,2005000
Pune,Data Science,Data Analyst,B.Sc,10,9,2580000
Chennai,Artificial Intelligence,AI Engineer,B.Tech,2,3,990000
Hyderabad,Software Development,Software Developer,Diploma,1,4,540000
Chennai,Artificial Intelligence,AI Engineer,MBA,10,7,2895000
Hyderabad,Software Development,Software Developer,M.Tech,2,4,950000
Mumbai,Software Development,Software Developer,M.Tech,7,7,2185000
Delhi,Artificial Intelligence,ML Engineer,BCA,4,5,1395000
Chennai,Web Development,Web Developer,BCA,2,5,665000
Delhi,Web Development,Web Developer,BCA,0,4,380000
Pune,Software Development,Software Developer,BCA,2,3,725000
Chennai,Web Development,Web Developer,M.Tech,7,5,1760000
Mumbai,Artificial Intelligence,ML Engineer,BCA,4,5,1475000
Hyderabad,Data Science,Data Scientist,BCA,2,5,1095000
Pune,Data Science,Data Scientist,MCA,4,4,1345000
Mumbai,Artificial Intelligence,ML Engineer,BCA,0,4,800000
Bangalore,Data Science,Data Scientist,B.Sc,4,5,1495000
Hyderabad,Web Development,Web Developer,Diploma,2,4,665000
Delhi,Web Development,Web Developer,B.Tech,10,7,2705000
Hyderabad,Data Science,Data Scientist,BCA,7,7,2155000
Chennai,Artificial Intelligence,AI Engineer,MCA,7,5,2025000
Mumbai,Artificial Intelligence,AI Engineer,B.Sc,1,3,960000
Bangalore,Data Science,Data Analyst,MBA,0,2,540000
Hyderabad,Data Science,Data Scientist,MBA,7,6,2220000
Chennai,Data Science,Data Scientist,BCA,7,7,1890000
Mumbai,Artificial Intelligence,ML Engineer,MCA,10,7,3335000
Pune,Data Science,Data Scientist,B.Sc,0,2,600000
Chennai,Data Science,Data Scientist,B.Tech,10,7,2720000
Chennai,Web Development,Web Developer,B.Sc,2,4,570000
Hyderabad,Web Development,Web Developer,B.Sc,0,3,370000
Delhi,Software Development,Software Developer,B.Tech,4,6,1285000
Delhi,Artificial Intelligence,ML Engineer,B.Tech,7,7,2245000
Mumbai,Web Development,Web Developer,M.Tech,7,6,2095000
Chennai,Artificial Intelligence,AI Engineer,M.Tech,1,3,1020000
Pune,Data Science,Data Analyst,Diploma,1,3,465000
Mumbai,Data Science,Data Analyst,BCA,2,4,830000
Chennai,Software Development,Software Developer,M.Tech,7,7,1900000
Pune,Artificial Intelligence,AI Engineer,MCA,10,7,3035000
Bangalore,Data Science,Data Scientist,B.Tech,2,3,1130000
Chennai,Web Development,Web Developer,MCA,1,4,570000
Chennai,Data Science,Data Scientist,BCA,1,3,700000
Hyderabad,Web Development,Web Developer,Diploma,0,4,385000
Chennai,Data Science,Data Analyst,MCA,7,7,1765000
Mumbai,Artificial Intelligence,ML Engineer,B.Sc,4,6,1490000
Hyderabad,Artificial Intelligence,AI Engineer,BCA,1,3,905000
Delhi,Software Development,Software Developer,Diploma,2,5,735000
Mumbai,Web Development,Web Developer,M.Tech,4,5,1370000
Hyderabad,Artificial Intelligence,AI Engineer,MBA,4,4,1545000
Chennai,Software Development,Software Developer,M.Tech,10,9,2705000
Delhi,Artificial Intelligence,ML Engineer,Diploma,7,6,2045000
Chennai,Artificial Intelligence,AI Engineer,Diploma,7,5,1905000
Chennai,Artificial Intelligence,ML Engineer,M.Tech,7,7,2080000
Bangalore,Artificial Intelligence,ML Engineer,M.Tech,2,4,1305000
Chennai,Artificial Intelligence,AI Engineer,MCA,0,3,830000
Bangalore,Data Science,Data Scientist,M.Tech,1,3,1035000
Hyderabad,Data Science,Data Analyst,Diploma,7,7,1880000
Mumbai,Artificial Intelligence,AI Engineer,Diploma,7,7,2265000
Chennai,Data Science,Data Analyst,B.Sc,7,7,1740000
Bangalore,Data Science,Data Analyst,B.Sc,4,4,1250000
Bangalore,Data Science,Data Scientist,BCA,7,7,2360000
Chennai,Artificial Intelligence,ML Engineer,BCA,2,5,950000
Mumbai,Data Science,Data Scientist,BCA,4,5,1475000
Pune,Artificial Intelligence,ML Engineer,B.Sc,0,3,715000
Hyderabad,Artificial Intelligence,AI Engineer,MCA,2,4,1265000
Chennai,Software Development,Software Developer,B.Sc,0,4,450000
Chennai,Software Development,Software Developer,MCA,4,6,1150000
Hyderabad,Data Science,Data Analyst,BCA,0,2,430000
Pune,Data Science,Data Analyst,M.Tech,2,4,925000
Bangalore,Data Science,Data Scientist,MBA,10,9,3375000
Delhi,Software Development,Software Developer,B.Tech,1,4,740000
Mumbai,Software Development,Software Developer,Diploma,4,6,1230000
Pune,Data Science,Data Analyst,B.Sc,0,3,440000
Delhi,Artificial Intelligence,ML Engineer,BCA,7,6,2100000
Bangalore,Data Science,Data Analyst,Diploma,7,5,1915000
Hyderabad,Software Development,Software Developer,M.Tech,1,2,780000
Pune,Artificial Intelligence,AI Engineer,B.Tech,0,3,850000
Hyderabad,Artificial Intelligence,ML Engineer,MBA,2,5,1155000
Hyderabad,Artificial Intelligence,AI Engineer,B.Tech,4,4,1510000
Bangalore,Artificial Intelligence,ML Engineer,MBA,0,4,945000
Delhi,Software Development,Software Developer,B.Tech,7,5,1880000
Bangalore,Artificial Intelligence,ML Engineer,B.Tech,4,5,1615000
Chennai,Artificial Intelligence,AI Engineer,MBA,7,5,2020000
Hyderabad,Artificial Intelligence,ML Engineer,BCA,10,8,3105000
Mumbai,Artificial Intelligence,ML Engineer,B.Tech,2,5,1230000
Mumbai,Web Development,Web Developer,MCA,0,4,555000
Chennai,Artificial Intelligence,AI Engineer,B.Sc,7,5,1920000
Hyderabad,Artificial Intelligence,ML Engineer,MCA,0,4,860000
Delhi,Data Science,Data Analyst,MCA,1,3,670000
Chennai,Artificial Intelligence,ML Engineer,Diploma,1,4,785000
Mumbai,Web Development,Web Developer,MBA,2,5,840000
Bangalore,Software Development,Software Developer,BCA,1,3,690000
Hyderabad,Web Development,Web Developer,B.Tech,10,7,2840000
Pune,Artificial Intelligence,ML Engineer,MBA,0,2,765000
Delhi,Data Science,Data Scientist,M.Tech,1,4,990000
Mumbai,Artificial Intelligence,ML Engineer,MBA,1,2,1005000
Delhi,Data Science,Data Analyst,B.Tech,1,3,670000
Chennai,Artificial Intelligence,AI Engineer,MBA,2,3,1090000
Chennai,Artificial Intelligence,ML Engineer,B.Sc,2,3,865000
Chennai,Web Development,Web Developer,MCA,7,6,1725000
Chennai,Artificial Intelligence,ML Engineer,M.Tech,2,5,1105000
Mumbai,Data Science,Data Scientist,MCA,10,7,3275000
Pune,Data Science,Data Scientist,BCA,4,5,1330000
Bangalore,Web Development,Web Developer,BCA,0,2,385000
Pune,Artificial Intelligence,AI Engineer,BCA,2,3,1010000
Pune,Software Development,Software Developer,MCA,2,5,915000
Mumbai,Artificial Intelligence,AI Engineer,BCA,2,3,1090000
Mumbai,Artificial Intelligence,ML Engineer,MCA,4,5,1630000
Bangalore,Artificial Intelligence,ML Engineer,B.Tech,10,8,3430000
Bangalore,Web Development,Web Developer,B.Tech,1,4,690000
Bangalore,Web Development,Web Developer,B.Tech,10,7,2985000
Delhi,Data Science,Data Analyst,MCA,0,2,560000
Pune,Artificial Intelligence,ML Engineer,MBA,4,4,1440000
Bangalore,Artificial Intelligence,ML Engineer,B.Sc,7,6,2320000
Pune,Data Science,Data Analyst,MCA,0,2,510000
Chennai,Data Science,Data Analyst,M.Tech,10,7,2650000
Bangalore,Artificial Intelligence,ML Engineer,M.Tech,10,7,3510000
Mumbai,Software Development,Software Developer,MBA,4,5,1300000
Mumbai,Artificial Intelligence,ML Engineer,M.Tech,1,3,1055000
Mumbai,Artificial Intelligence,AI Engineer,M.Tech,4,4,1705000
Hyderabad,Web Development,Web Developer,BCA,10,9,2750000
Bangalore,Web Development,Web Developer,B.Sc,4,5,1190000
Bangalore,Artificial Intelligence,AI Engineer,B.Tech,0,3,950000
Chennai,Web Development,Web Developer,B.Sc,1,3,475000
